{
  "type": "FeatureCollection",
  "features": [
    {
      "type": "Feature",
      "id": 1371,
      "geometry": {
        "type": "Point",
        "coordinates": [
          -49.258933478768995,
          -16.712182183859756
        ]
      },
      "properties": {
        "OBJECTID": 1371,
        "id": "042000723215",
        "nrlote": " ",
        "cdespecie": 16,
        "inidade": "A",
        "inporte": "M",
        "incondarv": "1",
        "indiamcopa": "5,60",
        "poda": " ",
        "inpodalp": "-",
        "inpodalc": "-",
        "inpodapu": "-",
        "inpodapl": "PL",
        "inpodarc": "-",
        "inpodasp": "-",
        "inasppai": "BO",
        "inalttens": "N",
        "inbaitens": "N",
        "intelefone": "N",
        "inilumina": "N",
        "inoutras": "-",
        "incap": "0,90",
        "incodfus": "BO",
        "indistlote": "7,50",
        "indistedif": "10,00",
        "indistmfio": "1,00",
        "incondraiz": "BO",
        "ininterfte": "N",
        "ininterfsa": "N",
        "ininterfca": "S",
        "ininterfas": "N",
        "ininterfmf": "N",
        "ininterfbh": "-",
        "inalinha": "S",
        "necessidad": " ",
        "inrt": "-",
        "inpt": "-",
        "inpm": "-",
        "inpl": "-",
        "inrd": "RD",
        "incp": "-",
        "incd": "-",
        "inaf": "AF",
        "inst": "-",
        "inri": "-",
        "inrf": " ",
        "inpf": "-",
        "intu": "-",
        "inobs": "-",
        "dtlevanta": "13/09/99",
        "id_lot": "000100249711",
        "id_qdr": "000200014511",
        "id_mfi": " ",
        "id_seg": "000300002610",
        "distance": 3395.842,
        "idlocal": "C",
        "cdtparvore": 101,
        "porte": "G",
        "idade": "A",
        "cap": 143,
        "fuste_cond": "B",
        "dist_ccivi": 4.19999981,
        "dpc": 7.69999981,
        "copa_condi": "B",
        "tipo_poda": "SR",
        "asp_paisag": "B",
        "eqp_rat": "N",
        "eqp_rbt": "A",
        "eqp_fiasec": "N",
        "eqp_telefo": "A",
        "eqp_transi": "N",
        "eqp_ilumin": "N",
        "raiz_condi": "B",
        "eqp_agua": " ",
        "eqp_esgoto": " ",
        "eqp_calcad": "I",
        "eqp_meiofi": "I",
        "cdoutr_int": " ",
        "observacao": " PATRIMONIO HISTORICO",
        "instatus": "V",
        "dtplantio": null,
        "dtcadastro": 841190400000,
        "dtatualiza": null,
        "plano_oper": 2,
        "nrquadra": "47",
        "larg_rua": 25.70000076,
        "larg_calca": 4.9000001,
        "cdbairro": 1,
        "cdlogradou": 772,
        "cdind1": " ",
        "dsind1": " ",
        "cdind2": " ",
        "dsind2": " ",
        "cdind3": " ",
        "dsind3": " ",
        "cdind4": " ",
        "dsind4": " ",
        "cdind5": " ",
        "dsind5": " ",
        "nm": "16",
        "x_coord": 685629.310197,
        "y_coord": 8151473.13734,
        "created_user": null,
        "created_date": null,
        "last_edited_user": null,
        "last_edited_date": null
      }
    },
    {
      "type": "Feature",
      "id": 1374,
      "geometry": {
        "type": "Point",
        "coordinates": [
          -49.25890868974942,
          -16.7123927014528
        ]
      },
      "properties": {
        "OBJECTID": 1374,
        "id": "042000723258",
        "nrlote": " ",
        "cdespecie": 16,
        "inidade": "A",
        "inporte": "M",
        "incondarv": "1",
        "indiamcopa": "7,20",
        "poda": " ",
        "inpodalp": "-",
        "inpodalc": "LC",
        "inpodapu": "-",
        "inpodapl": "-",
        "inpodarc": "-",
        "inpodasp": "-",
        "inasppai": "BO",
        "inalttens": "N",
        "inbaitens": "S",
        "intelefone": "N",
        "inilumina": "N",
        "inoutras": "-",
        "incap": "0,70",
        "incodfus": "BO",
        "indistlote": "7,70",
        "indistedif": "10,00",
        "indistmfio": "0,80",
        "incondraiz": "BO",
        "ininterfte": "N",
        "ininterfsa": "N",
        "ininterfca": "S",
        "ininterfas": "N",
        "ininterfmf": "N",
        "ininterfbh": "-",
        "inalinha": "S",
        "necessidad": " ",
        "inrt": "-",
        "inpt": "-",
        "inpm": "PM",
        "inpl": "-",
        "inrd": "RD",
        "incp": "-",
        "incd": "-",
        "inaf": "-",
        "inst": "-",
        "inri": "-",
        "inrf": " ",
        "inpf": "-",
        "intu": "-",
        "inobs": "-",
        "dtlevanta": "13/09/99",
        "id_lot": "000100249711",
        "id_qdr": "000200014511",
        "id_mfi": " ",
        "id_seg": "000300002610",
        "distance": 3419.208,
        "idlocal": "C",
        "cdtparvore": 101,
        "porte": "G",
        "idade": "A",
        "cap": 143,
        "fuste_cond": "B",
        "dist_ccivi": 4.19999981,
        "dpc": 7.69999981,
        "copa_condi": "B",
        "tipo_poda": "SR",
        "asp_paisag": "B",
        "eqp_rat": "N",
        "eqp_rbt": "A",
        "eqp_fiasec": "N",
        "eqp_telefo": "A",
        "eqp_transi": "N",
        "eqp_ilumin": "N",
        "raiz_condi": "B",
        "eqp_agua": " ",
        "eqp_esgoto": " ",
        "eqp_calcad": "I",
        "eqp_meiofi": "I",
        "cdoutr_int": " ",
        "observacao": " PATRIMONIO HISTORICO",
        "instatus": "V",
        "dtplantio": null,
        "dtcadastro": 841190400000,
        "dtatualiza": null,
        "plano_oper": 2,
        "nrquadra": "47",
        "larg_rua": 25.70000076,
        "larg_calca": 4.9000001,
        "cdbairro": 1,
        "cdlogradou": 772,
        "cdind1": " ",
        "dsind1": " ",
        "cdind2": " ",
        "dsind2": " ",
        "cdind3": " ",
        "dsind3": " ",
        "cdind4": " ",
        "dsind4": " ",
        "cdind5": " ",
        "dsind5": " ",
        "nm": "16",
        "x_coord": 685631.750206,
        "y_coord": 8151449.81727,
        "created_user": null,
        "created_date": null,
        "last_edited_user": null,
        "last_edited_date": null
      }
    },
    {
      "type": "Feature",
      "id": 2270,
      "geometry": {
        "type": "Point",
        "coordinates": [
          -49.24770785540704,
          -16.707851015640692
        ]
      },
      "properties": {
        "OBJECTID": 2270,
        "id": "042000685283",
        "nrlote": " ",
        "cdespecie": 16,
        "inidade": "J",
        "inporte": "B",
        "incondarv": "1",
        "indiamcopa": "0,50",
        "poda": " ",
        "inpodalp": "-",
        "inpodalc": "-",
        "inpodapu": "-",
        "inpodapl": "-",
        "inpodarc": "-",
        "inpodasp": "SP",
        "inasppai": "BO",
        "inalttens": "N",
        "inbaitens": "N",
        "intelefone": "N",
        "inilumina": "N",
        "inoutras": "-",
        "incap": "<0,17",
        "incodfus": "BO",
        "indistlote": "2,85",
        "indistedif": "8,00",
        "indistmfio": "2,10",
        "incondraiz": "BO",
        "ininterfte": "N",
        "ininterfsa": "N",
        "ininterfca": "N",
        "ininterfas": "N",
        "ininterfmf": "N",
        "ininterfbh": "-",
        "inalinha": "S",
        "necessidad": " ",
        "inrt": "-",
        "inpt": "-",
        "inpm": "-",
        "inpl": "-",
        "inrd": "-",
        "incp": "-",
        "incd": "-",
        "inaf": "-",
        "inst": "ST",
        "inri": "-",
        "inrf": " ",
        "inpf": "-",
        "intu": "-",
        "inobs": "-",
        "dtlevanta": "02/09/99",
        "id_lot": "000100157810",
        "id_qdr": "000200019910",
        "id_mfi": " ",
        "id_seg": "000300029810",
        "distance": 3170.455,
        "idlocal": "C",
        "cdtparvore": 101,
        "porte": "G",
        "idade": "A",
        "cap": 130,
        "fuste_cond": "P",
        "dist_ccivi": 4.19999981,
        "dpc": 6.19999981,
        "copa_condi": "G",
        "tipo_poda": "SL",
        "asp_paisag": "P",
        "eqp_rat": "N",
        "eqp_rbt": "A",
        "eqp_fiasec": "N",
        "eqp_telefo": "A",
        "eqp_transi": "N",
        "eqp_ilumin": "N",
        "raiz_condi": "B",
        "eqp_agua": " ",
        "eqp_esgoto": " ",
        "eqp_calcad": "I",
        "eqp_meiofi": "I",
        "cdoutr_int": "L",
        "observacao": " ",
        "instatus": "V",
        "dtplantio": null,
        "dtcadastro": 841363200000,
        "dtatualiza": null,
        "plano_oper": 2,
        "nrquadra": "31",
        "larg_rua": 10,
        "larg_calca": 4.69999981,
        "cdbairro": 1,
        "cdlogradou": 9454,
        "cdind1": " ",
        "dsind1": " ",
        "cdind2": " ",
        "dsind2": " ",
        "cdind3": " ",
        "dsind3": " ",
        "cdind4": " ",
        "dsind4": " ",
        "cdind5": " ",
        "dsind5": " ",
        "nm": "16",
        "x_coord": 686830.694333,
        "y_coord": 8151941.94925,
        "created_user": null,
        "created_date": null,
        "last_edited_user": null,
        "last_edited_date": null
      }
    },
    {
      "type": "Feature",
      "id": 3095,
      "geometry": {
        "type": "Point",
        "coordinates": [
          -49.25153375103318,
          -16.71128458198922
        ]
      },
      "properties": {
        "OBJECTID": 3095,
        "id": "042000727709",
        "nrlote": " ",
        "cdespecie": 16,
        "inidade": "A",
        "inporte": "A",
        "incondarv": "1",
        "indiamcopa": "2,80",
        "poda": " ",
        "inpodalp": "-",
        "inpodalc": "LC",
        "inpodapu": "-",
        "inpodapl": "-",
        "inpodarc": "-",
        "inpodasp": "-",
        "inasppai": "BO",
        "inalttens": "N",
        "inbaitens": "N",
        "intelefone": "N",
        "inilumina": "N",
        "inoutras": "-",
        "incap": "0,20",
        "incodfus": "BO",
        "indistlote": "5,30",
        "indistedif": "6,00",
        "indistmfio": "0,50",
        "incondraiz": "BO",
        "ininterfte": "N",
        "ininterfsa": "N",
        "ininterfca": "N",
        "ininterfas": "N",
        "ininterfmf": "N",
        "ininterfbh": "-",
        "inalinha": "S",
        "necessidad": " ",
        "inrt": "-",
        "inpt": "-",
        "inpm": "-",
        "inpl": "PL",
        "inrd": "-",
        "incp": "-",
        "incd": "-",
        "inaf": "-",
        "inst": "-",
        "inri": "-",
        "inrf": " ",
        "inpf": "-",
        "intu": "-",
        "inobs": "-",
        "dtlevanta": "02/09/99",
        "id_lot": "000100229410",
        "id_qdr": "000200013110",
        "id_mfi": " ",
        "id_seg": "000300023610",
        "distance": 3412.932,
        "idlocal": "C",
        "cdtparvore": 101,
        "porte": "G",
        "idade": "A",
        "cap": 100,
        "fuste_cond": "B",
        "dist_ccivi": 4.19999981,
        "dpc": 6,
        "copa_condi": "G",
        "tipo_poda": "SR",
        "asp_paisag": "B",
        "eqp_rat": "N",
        "eqp_rbt": "V",
        "eqp_fiasec": "N",
        "eqp_telefo": "A",
        "eqp_transi": "N",
        "eqp_ilumin": "N",
        "raiz_condi": "B",
        "eqp_agua": " ",
        "eqp_esgoto": " ",
        "eqp_calcad": "I",
        "eqp_meiofi": "I",
        "cdoutr_int": " ",
        "observacao": " PATRIMONIO HISTORICO",
        "instatus": "V",
        "dtplantio": null,
        "dtcadastro": 841190400000,
        "dtatualiza": null,
        "plano_oper": 2,
        "nrquadra": "47",
        "larg_rua": 25.70000076,
        "larg_calca": 4.9000001,
        "cdbairro": 1,
        "cdlogradou": 772,
        "cdind1": " ",
        "dsind1": " ",
        "cdind2": " ",
        "dsind2": " ",
        "cdind3": " ",
        "dsind3": " ",
        "cdind4": " ",
        "dsind4": " ",
        "cdind5": " ",
        "dsind5": " ",
        "nm": "16",
        "x_coord": 686419.332888,
        "y_coord": 8151565.55787,
        "created_user": null,
        "created_date": null,
        "last_edited_user": null,
        "last_edited_date": null
      }
    },
    {
      "type": "Feature",
      "id": 5126,
      "geometry": {
        "type": "Point",
        "coordinates": [
          -49.24879856378869,
          -16.710079480126936
        ]
      },
      "properties": {
        "OBJECTID": 5126,
        "id": "042000701122",
        "nrlote": " ",
        "cdespecie": 16,
        "inidade": "J",
        "inporte": "B",
        "incondarv": "1",
        "indiamcopa": "0,30",
        "poda": " ",
        "inpodalp": "-",
        "inpodalc": "-",
        "inpodapu": "-",
        "inpodapl": "-",
        "inpodarc": "-",
        "inpodasp": "SP",
        "inasppai": "BO",
        "inalttens": "N",
        "inbaitens": "N",
        "intelefone": "N",
        "inilumina": "N",
        "inoutras": "-",
        "incap": "<0,17",
        "incodfus": "BO",
        "indistlote": "3,50",
        "indistedif": "8,00",
        "indistmfio": "0,50",
        "incondraiz": "BO",
        "ininterfte": "N",
        "ininterfsa": "N",
        "ininterfca": "N",
        "ininterfas": "N",
        "ininterfmf": "N",
        "ininterfbh": "-",
        "inalinha": "S",
        "necessidad": " ",
        "inrt": "-",
        "inpt": "-",
        "inpm": "-",
        "inpl": "-",
        "inrd": "-",
        "incp": "-",
        "incd": "-",
        "inaf": "-",
        "inst": "-",
        "inri": "-",
        "inrf": " ",
        "inpf": "PF",
        "intu": "-",
        "inobs": "-",
        "dtlevanta": "01/09/99",
        "id_lot": "000100256910",
        "id_qdr": "000200022410",
        "id_mfi": " ",
        "id_seg": "000300023110",
        "distance": 3368.018,
        "idlocal": "C",
        "cdtparvore": 101,
        "porte": "G",
        "idade": "A",
        "cap": 160,
        "fuste_cond": "P",
        "dist_ccivi": 3.9000001,
        "dpc": 11,
        "copa_condi": "B",
        "tipo_poda": "SL",
        "asp_paisag": "B",
        "eqp_rat": "S",
        "eqp_rbt": "A",
        "eqp_fiasec": "N",
        "eqp_telefo": "A",
        "eqp_transi": "N",
        "eqp_ilumin": "N",
        "raiz_condi": "B",
        "eqp_agua": " ",
        "eqp_esgoto": " ",
        "eqp_calcad": "I",
        "eqp_meiofi": "N",
        "cdoutr_int": " ",
        "observacao": " ",
        "instatus": "V",
        "dtplantio": null,
        "dtcadastro": 841190400000,
        "dtatualiza": null,
        "plano_oper": 2,
        "nrquadra": "46",
        "larg_rua": 8,
        "larg_calca": 4.80000019,
        "cdbairro": 1,
        "cdlogradou": 772,
        "cdind1": " ",
        "dsind1": " ",
        "cdind2": " ",
        "dsind2": " ",
        "cdind3": " ",
        "dsind3": " ",
        "cdind4": " ",
        "dsind4": " ",
        "cdind5": " ",
        "dsind5": " ",
        "nm": "16",
        "x_coord": 686712.203899,
        "y_coord": 8151696.35839,
        "created_user": null,
        "created_date": null,
        "last_edited_user": null,
        "last_edited_date": null
      }
    },
    {
      "type": "Feature",
      "id": 5802,
      "geometry": {
        "type": "Point",
        "coordinates": [
          -49.25559385513647,
          -16.717851688836916
        ]
      },
      "properties": {
        "OBJECTID": 5802,
        "id": "042000660507",
        "nrlote": " ",
        "cdespecie": 16,
        "inidade": "A",
        "inporte": "M",
        "incondarv": "1",
        "indiamcopa": "10,00",
        "poda": " ",
        "inpodalp": "-",
        "inpodalc": "-",
        "inpodapu": "-",
        "inpodapl": "PL",
        "inpodarc": "-",
        "inpodasp": "-",
        "inasppai": "BO",
        "inalttens": "N",
        "inbaitens": "N",
        "intelefone": "N",
        "inilumina": "N",
        "inoutras": "-",
        "incap": "0,70",
        "incodfus": "BO",
        "indistlote": "2,50",
        "indistedif": "10,00",
        "indistmfio": "2,00",
        "incondraiz": "BO",
        "ininterfte": "N",
        "ininterfsa": "N",
        "ininterfca": "S",
        "ininterfas": "N",
        "ininterfmf": "N",
        "ininterfbh": "-",
        "inalinha": "S",
        "necessidad": " ",
        "inrt": "-",
        "inpt": "-",
        "inpm": "-",
        "inpl": "-",
        "inrd": "RD",
        "incp": "-",
        "incd": "-",
        "inaf": "-",
        "inst": "-",
        "inri": "-",
        "inrf": " ",
        "inpf": "-",
        "intu": "-",
        "inobs": "-",
        "dtlevanta": "10/09/99",
        "id_lot": "000200001210",
        "id_qdr": "000200001210",
        "id_mfi": " ",
        "id_seg": "000300057810",
        "distance": 4047.651,
        "idlocal": "C",
        "cdtparvore": 101,
        "porte": "G",
        "idade": "A",
        "cap": 143,
        "fuste_cond": "B",
        "dist_ccivi": 4.19999981,
        "dpc": 7.69999981,
        "copa_condi": "B",
        "tipo_poda": "SR",
        "asp_paisag": "B",
        "eqp_rat": "N",
        "eqp_rbt": "A",
        "eqp_fiasec": "N",
        "eqp_telefo": "A",
        "eqp_transi": "N",
        "eqp_ilumin": "N",
        "raiz_condi": "B",
        "eqp_agua": " ",
        "eqp_esgoto": " ",
        "eqp_calcad": "I",
        "eqp_meiofi": "I",
        "cdoutr_int": " ",
        "observacao": " PATRIMONIO HISTORICO",
        "instatus": "V",
        "dtplantio": null,
        "dtcadastro": 841190400000,
        "dtatualiza": null,
        "plano_oper": 2,
        "nrquadra": "47",
        "larg_rua": 25.70000076,
        "larg_calca": 4.9000001,
        "cdbairro": 1,
        "cdlogradou": 772,
        "cdind1": " ",
        "dsind1": " ",
        "cdind2": " ",
        "dsind2": " ",
        "cdind3": " ",
        "dsind3": " ",
        "cdind4": " ",
        "dsind4": " ",
        "cdind5": " ",
        "dsind5": " ",
        "nm": "16",
        "x_coord": 685979.971372,
        "y_coord": 8150842.60531,
        "created_user": null,
        "created_date": null,
        "last_edited_user": null,
        "last_edited_date": null
      }
    },
    {
      "type": "Feature",
      "id": 6257,
      "geometry": {
        "type": "Point",
        "coordinates": [
          -49.283895288456904,
          -16.710580683727695
        ]
      },
      "properties": {
        "OBJECTID": 6257,
        "id": "042000876208",
        "nrlote": " ",
        "cdespecie": 16,
        "inidade": "J",
        "inporte": "M",
        "incondarv": "1",
        "indiamcopa": "2,20",
        "poda": " ",
        "inpodalp": "-",
        "inpodalc": "-",
        "inpodapu": "-",
        "inpodapl": "-",
        "inpodarc": "-",
        "inpodasp": "SP",
        "inasppai": "BO",
        "inalttens": "N",
        "inbaitens": "N",
        "intelefone": "N",
        "inilumina": "N",
        "inoutras": "-",
        "incap": "0,20",
        "incodfus": "BO",
        "indistlote": "1,50",
        "indistedif": "8,00",
        "indistmfio": "2,40",
        "incondraiz": "BO",
        "ininterfte": "N",
        "ininterfsa": "N",
        "ininterfca": "N",
        "ininterfas": "N",
        "ininterfmf": "N",
        "ininterfbh": "-",
        "inalinha": "S",
        "necessidad": " ",
        "inrt": "-",
        "inpt": "-",
        "inpm": "-",
        "inpl": "PL",
        "inrd": "-",
        "incp": "-",
        "incd": "-",
        "inaf": "-",
        "inst": "-",
        "inri": "-",
        "inrf": " ",
        "inpf": "-",
        "intu": "-",
        "inobs": "1",
        "dtlevanta": "27/09/99",
        "id_lot": " ",
        "id_qdr": "222222222224",
        "id_mfi": " ",
        "id_seg": "000300079013",
        "distance": 4101.569,
        "idlocal": " ",
        "cdtparvore": 0,
        "porte": " ",
        "idade": " ",
        "cap": 0,
        "fuste_cond": " ",
        "dist_ccivi": 0,
        "dpc": 0,
        "copa_condi": " ",
        "tipo_poda": " ",
        "asp_paisag": " ",
        "eqp_rat": " ",
        "eqp_rbt": " ",
        "eqp_fiasec": " ",
        "eqp_telefo": " ",
        "eqp_transi": " ",
        "eqp_ilumin": " ",
        "raiz_condi": " ",
        "eqp_agua": " ",
        "eqp_esgoto": " ",
        "eqp_calcad": " ",
        "eqp_meiofi": " ",
        "cdoutr_int": " ",
        "observacao": " ",
        "instatus": " ",
        "dtplantio": null,
        "dtcadastro": null,
        "dtatualiza": null,
        "plano_oper": 0,
        "nrquadra": " ",
        "larg_rua": 0,
        "larg_calca": 0,
        "cdbairro": 0,
        "cdlogradou": 0,
        "cdind1": " ",
        "dsind1": " ",
        "cdind2": " ",
        "dsind2": " ",
        "cdind3": " ",
        "dsind3": " ",
        "cdind4": " ",
        "dsind4": " ",
        "cdind5": " ",
        "dsind5": " ",
        "nm": "16",
        "x_coord": 682968.781103,
        "y_coord": 8151673.4673,
        "created_user": null,
        "created_date": null,
        "last_edited_user": null,
        "last_edited_date": null
      }
    },
    {
      "type": "Feature",
      "id": 887,
      "geometry": {
        "type": "Point",
        "coordinates": [
          -49.27584170772308,
          -16.717956398059446
        ]
      },
      "properties": {
        "OBJECTID": 887,
        "id": "042000768502",
        "nrlote": " ",
        "cdespecie": 36,
        "inidade": "A",
        "inporte": "M",
        "incondarv": "1",
        "indiamcopa": "6,40",
        "poda": " ",
        "inpodalp": "-",
        "inpodalc": "-",
        "inpodapu": "-",
        "inpodapl": "-",
        "inpodarc": "-",
        "inpodasp": "SP",
        "inasppai": "BO",
        "inalttens": "N",
        "inbaitens": "N",
        "intelefone": "N",
        "inilumina": "N",
        "inoutras": "-",
        "incap": "0,30",
        "incodfus": "BO",
        "indistlote": "3,00",
        "indistedif": "8,00",
        "indistmfio": "1,00",
        "incondraiz": "BO",
        "ininterfte": "N",
        "ininterfsa": "N",
        "ininterfca": "N",
        "ininterfas": "N",
        "ininterfmf": "N",
        "ininterfbh": "-",
        "inalinha": "S",
        "necessidad": " ",
        "inrt": "-",
        "inpt": "-",
        "inpm": "-",
        "inpl": "-",
        "inrd": "-",
        "incp": "-",
        "incd": "-",
        "inaf": "-",
        "inst": "ST",
        "inri": "-",
        "inrf": " ",
        "inpf": "-",
        "intu": "-",
        "inobs": "-",
        "dtlevanta": "15/09/99",
        "id_lot": "000100042411",
        "id_qdr": "000200002911",
        "id_mfi": " ",
        "id_seg": "000300064113",
        "distance": 4378.05,
        "idlocal": "C",
        "cdtparvore": 101,
        "porte": "G",
        "idade": "A",
        "cap": 143,
        "fuste_cond": "B",
        "dist_ccivi": 4.19999981,
        "dpc": 7.69999981,
        "copa_condi": "B",
        "tipo_poda": "SR",
        "asp_paisag": "B",
        "eqp_rat": "N",
        "eqp_rbt": "A",
        "eqp_fiasec": "N",
        "eqp_telefo": "A",
        "eqp_transi": "N",
        "eqp_ilumin": "N",
        "raiz_condi": "B",
        "eqp_agua": " ",
        "eqp_esgoto": " ",
        "eqp_calcad": "I",
        "eqp_meiofi": "I",
        "cdoutr_int": " ",
        "observacao": " PATRIMONIO HISTORICO",
        "instatus": "V",
        "dtplantio": null,
        "dtcadastro": 841190400000,
        "dtatualiza": null,
        "plano_oper": 2,
        "nrquadra": "47",
        "larg_rua": 25.70000076,
        "larg_calca": 4.9000001,
        "cdbairro": 1,
        "cdlogradou": 772,
        "cdind1": " ",
        "dsind1": " ",
        "cdind2": " ",
        "dsind2": " ",
        "cdind3": " ",
        "dsind3": " ",
        "cdind4": " ",
        "dsind4": " ",
        "cdind5": " ",
        "dsind5": " ",
        "nm": "36",
        "x_coord": 683820.594179,
        "y_coord": 8150849.82473,
        "created_user": null,
        "created_date": null,
        "last_edited_user": null,
        "last_edited_date": null
      }
    },
    {
      "type": "Feature",
      "id": 8502,
      "geometry": {
        "type": "Point",
        "coordinates": [
          -49.27716932396826,
          -16.707448199477565
        ]
      },
      "properties": {
        "OBJECTID": 8502,
        "id": "042000855359",
        "nrlote": " ",
        "cdespecie": 36,
        "inidade": "J",
        "inporte": "B",
        "incondarv": "1",
        "indiamcopa": "1,50",
        "poda": " ",
        "inpodalp": "-",
        "inpodalc": "-",
        "inpodapu": "-",
        "inpodapl": "-",
        "inpodarc": "-",
        "inpodasp": "SP",
        "inasppai": "BO",
        "inalttens": "N",
        "inbaitens": "N",
        "intelefone": "N",
        "inilumina": "N",
        "inoutras": "-",
        "incap": "<0,17",
        "incodfus": "BO",
        "indistlote": "2,35",
        "indistedif": "10,00",
        "indistmfio": "1,50",
        "incondraiz": "BO",
        "ininterfte": "N",
        "ininterfsa": "N",
        "ininterfca": "N",
        "ininterfas": "N",
        "ininterfmf": "N",
        "ininterfbh": "-",
        "inalinha": "N",
        "necessidad": " ",
        "inrt": "-",
        "inpt": "-",
        "inpm": "-",
        "inpl": "-",
        "inrd": "-",
        "incp": "-",
        "incd": "-",
        "inaf": "-",
        "inst": "-",
        "inri": "-",
        "inrf": " ",
        "inpf": "PF",
        "intu": "-",
        "inobs": "-",
        "dtlevanta": "29/09/99",
        "id_lot": "000100131211",
        "id_qdr": "000200007911",
        "id_mfi": " ",
        "id_seg": "000300007911",
        "distance": 3405.527,
        "idlocal": " ",
        "cdtparvore": 0,
        "porte": " ",
        "idade": " ",
        "cap": 0,
        "fuste_cond": " ",
        "dist_ccivi": 0,
        "dpc": 0,
        "copa_condi": " ",
        "tipo_poda": " ",
        "asp_paisag": " ",
        "eqp_rat": " ",
        "eqp_rbt": " ",
        "eqp_fiasec": " ",
        "eqp_telefo": " ",
        "eqp_transi": " ",
        "eqp_ilumin": " ",
        "raiz_condi": " ",
        "eqp_agua": " ",
        "eqp_esgoto": " ",
        "eqp_calcad": " ",
        "eqp_meiofi": " ",
        "cdoutr_int": " ",
        "observacao": " ",
        "instatus": " ",
        "dtplantio": null,
        "dtcadastro": null,
        "dtatualiza": null,
        "plano_oper": 0,
        "nrquadra": " ",
        "larg_rua": 0,
        "larg_calca": 0,
        "cdbairro": 0,
        "cdlogradou": 0,
        "cdind1": " ",
        "dsind1": " ",
        "cdind2": " ",
        "dsind2": " ",
        "cdind3": " ",
        "dsind3": " ",
        "cdind4": " ",
        "dsind4": " ",
        "cdind5": " ",
        "dsind5": " ",
        "nm": "36",
        "x_coord": 683689.07349,
        "y_coord": 8152013.92866,
        "created_user": null,
        "created_date": null,
        "last_edited_user": null,
        "last_edited_date": null
      }
    },
    {
      "type": "Feature",
      "id": 13880,
      "geometry": {
        "type": "Point",
        "coordinates": [
          -49.25841772675037,
          -16.699830417494336
        ]
      },
      "properties": {
        "OBJECTID": 13880,
        "id": "042000635006",
        "nrlote": " ",
        "cdespecie": 36,
        "inidade": "A",
        "inporte": "A",
        "incondarv": "2",
        "indiamcopa": "5,3",
        "poda": " ",
        "inpodalp": "LP",
        "inpodalc": "-",
        "inpodapu": "-",
        "inpodapl": "-",
        "inpodarc": "-",
        "inpodasp": "-",
        "inasppai": "RU",
        "inalttens": "N",
        "inbaitens": "N",
        "intelefone": "N",
        "inilumina": "N",
        "inoutras": "-",
        "incap": "0,45",
        "incodfus": "BO",
        "indistlote": "2,00",
        "indistedif": "-",
        "indistmfio": "1,3",
        "incondraiz": "BO",
        "ininterfte": "N",
        "ininterfsa": "N",
        "ininterfca": "S",
        "ininterfas": "N",
        "ininterfmf": "N",
        "ininterfbh": "-",
        "inalinha": "S",
        "necessidad": " ",
        "inrt": "-",
        "inpt": "-",
        "inpm": "-",
        "inpl": "-",
        "inrd": "RD",
        "incp": "-",
        "incd": "-",
        "inaf": "-",
        "inst": "-",
        "inri": "-",
        "inrf": " ",
        "inpf": "-",
        "intu": "-",
        "inobs": "-",
        "dtlevanta": "10/09/99",
        "id_lot": "000100379603",
        "id_qdr": "000200019403",
        "id_mfi": " ",
        "id_seg": "000300042603",
        "distance": 2033.364,
        "idlocal": "C",
        "cdtparvore": 101,
        "porte": "G",
        "idade": "A",
        "cap": 143,
        "fuste_cond": "B",
        "dist_ccivi": 4.19999981,
        "dpc": 7.69999981,
        "copa_condi": "B",
        "tipo_poda": "SR",
        "asp_paisag": "B",
        "eqp_rat": "N",
        "eqp_rbt": "A",
        "eqp_fiasec": "N",
        "eqp_telefo": "A",
        "eqp_transi": "N",
        "eqp_ilumin": "N",
        "raiz_condi": "B",
        "eqp_agua": " ",
        "eqp_esgoto": " ",
        "eqp_calcad": "I",
        "eqp_meiofi": "I",
        "cdoutr_int": " ",
        "observacao": " PATRIMONIO HISTORICO",
        "instatus": "V",
        "dtplantio": null,
        "dtcadastro": 841190400000,
        "dtatualiza": null,
        "plano_oper": 2,
        "nrquadra": "47",
        "larg_rua": 25.70000076,
        "larg_calca": 4.9000001,
        "cdbairro": 1,
        "cdlogradou": 772,
        "cdind1": " ",
        "dsind1": " ",
        "cdind2": " ",
        "dsind2": " ",
        "cdind3": " ",
        "dsind3": " ",
        "cdind4": " ",
        "dsind4": " ",
        "cdind5": " ",
        "dsind5": " ",
        "nm": "36",
        "x_coord": 685696.26042,
        "y_coord": 8152839.56199,
        "created_user": null,
        "created_date": null,
        "last_edited_user": null,
        "last_edited_date": null
      }
    },
    {
      "type": "Feature",
      "id": 15200,
      "geometry": {
        "type": "Point",
        "coordinates": [
          -49.25434591555622,
          -16.69723853987294
        ]
      },
      "properties": {
        "OBJECTID": 15200,
        "id": "042000638064",
        "nrlote": " ",
        "cdespecie": 36,
        "inidade": "J",
        "inporte": "B",
        "incondarv": "1",
        "indiamcopa": "2,3",
        "poda": " ",
        "inpodalp": "-",
        "inpodalc": "-",
        "inpodapu": "-",
        "inpodapl": "-",
        "inpodarc": "-",
        "inpodasp": "SP",
        "inasppai": "BO",
        "inalttens": "N",
        "inbaitens": "N",
        "intelefone": "N",
        "inilumina": "N",
        "inoutras": "-",
        "incap": "0,06",
        "incodfus": "BO",
        "indistlote": "-",
        "indistedif": "-",
        "indistmfio": "3,0",
        "incondraiz": "BO",
        "ininterfte": "N",
        "ininterfsa": "N",
        "ininterfca": "N",
        "ininterfas": "N",
        "ininterfmf": "N",
        "ininterfbh": "-",
        "inalinha": "S",
        "necessidad": " ",
        "inrt": "-",
        "inpt": "-",
        "inpm": "-",
        "inpl": "-",
        "inrd": "-",
        "incp": "-",
        "incd": "-",
        "inaf": "-",
        "inst": "ST",
        "inri": "-",
        "inrf": " ",
        "inpf": "-",
        "intu": "-",
        "inobs": "-",
        "dtlevanta": "09/09/99",
        "id_lot": " ",
        "id_qdr": "111111111112",
        "id_mfi": " ",
        "id_seg": "000300022602",
        "distance": 1835.125,
        "idlocal": "C",
        "cdtparvore": 101,
        "porte": "G",
        "idade": "A",
        "cap": 105,
        "fuste_cond": "B",
        "dist_ccivi": 4.9000001,
        "dpc": 11.5,
        "copa_condi": "B",
        "tipo_poda": "SR",
        "asp_paisag": "R",
        "eqp_rat": "V",
        "eqp_rbt": "A",
        "eqp_fiasec": "N",
        "eqp_telefo": "A",
        "eqp_transi": "N",
        "eqp_ilumin": "N",
        "raiz_condi": "R",
        "eqp_agua": " ",
        "eqp_esgoto": " ",
        "eqp_calcad": "V",
        "eqp_meiofi": "V",
        "cdoutr_int": " ",
        "observacao": "  PATRIMONIO HISTORICO",
        "instatus": "V",
        "dtplantio": null,
        "dtcadastro": 841190400000,
        "dtatualiza": null,
        "plano_oper": 2,
        "nrquadra": "47",
        "larg_rua": 25.70000076,
        "larg_calca": 4.9000001,
        "cdbairro": 1,
        "cdlogradou": 772,
        "cdind1": " ",
        "dsind1": " ",
        "cdind2": " ",
        "dsind2": " ",
        "cdind3": " ",
        "dsind3": " ",
        "cdind4": " ",
        "dsind4": " ",
        "cdind5": " ",
        "dsind5": " ",
        "nm": "36",
        "x_coord": 686133.041978,
        "y_coord": 8153122.59306,
        "created_user": null,
        "created_date": null,
        "last_edited_user": null,
        "last_edited_date": null
      }
    },
    {
      "type": "Feature",
      "id": 15201,
      "geometry": {
        "type": "Point",
        "coordinates": [
          -49.25440661542078,
          -16.697244835343415
        ]
      },
      "properties": {
        "OBJECTID": 15201,
        "id": "042000638048",
        "nrlote": " ",
        "cdespecie": 36,
        "inidade": "J",
        "inporte": "B",
        "incondarv": "1",
        "indiamcopa": "2,8",
        "poda": " ",
        "inpodalp": "-",
        "inpodalc": "-",
        "inpodapu": "-",
        "inpodapl": "-",
        "inpodarc": "-",
        "inpodasp": "SP",
        "inasppai": "BO",
        "inalttens": "N",
        "inbaitens": "N",
        "intelefone": "N",
        "inilumina": "N",
        "inoutras": "-",
        "incap": "0,05",
        "incodfus": "BO",
        "indistlote": "-",
        "indistedif": "-",
        "indistmfio": "3,0",
        "incondraiz": "BO",
        "ininterfte": "N",
        "ininterfsa": "N",
        "ininterfca": "N",
        "ininterfas": "N",
        "ininterfmf": "N",
        "ininterfbh": "-",
        "inalinha": "S",
        "necessidad": " ",
        "inrt": "-",
        "inpt": "-",
        "inpm": "-",
        "inpl": "-",
        "inrd": "-",
        "incp": "-",
        "incd": "CD",
        "inaf": "-",
        "inst": "-",
        "inri": "-",
        "inrf": " ",
        "inpf": "-",
        "intu": "-",
        "inobs": "9,2",
        "dtlevanta": "09/09/99",
        "id_lot": " ",
        "id_qdr": "111111111112",
        "id_mfi": " ",
        "id_seg": "000300022602",
        "distance": 1834.012,
        "idlocal": "C",
        "cdtparvore": 101,
        "porte": "G",
        "idade": "A",
        "cap": 105,
        "fuste_cond": "B",
        "dist_ccivi": 4.9000001,
        "dpc": 11.5,
        "copa_condi": "B",
        "tipo_poda": "SR",
        "asp_paisag": "R",
        "eqp_rat": "V",
        "eqp_rbt": "A",
        "eqp_fiasec": "N",
        "eqp_telefo": "A",
        "eqp_transi": "N",
        "eqp_ilumin": "N",
        "raiz_condi": "R",
        "eqp_agua": " ",
        "eqp_esgoto": " ",
        "eqp_calcad": "V",
        "eqp_meiofi": "V",
        "cdoutr_int": " ",
        "observacao": "  PATRIMONIO HISTORICO",
        "instatus": "V",
        "dtplantio": null,
        "dtcadastro": 841190400000,
        "dtatualiza": null,
        "plano_oper": 2,
        "nrquadra": "47",
        "larg_rua": 25.70000076,
        "larg_calca": 4.9000001,
        "cdbairro": 1,
        "cdlogradou": 772,
        "cdind1": " ",
        "dsind1": " ",
        "cdind2": " ",
        "dsind2": " ",
        "cdind3": " ",
        "dsind3": " ",
        "cdind4": " ",
        "dsind4": " ",
        "cdind5": " ",
        "dsind5": " ",
        "nm": "36",
        "x_coord": 686126.561955,
        "y_coord": 8153121.95306,
        "created_user": null,
        "created_date": null,
        "last_edited_user": null,
        "last_edited_date": null
      }
    },
    {
      "type": "Feature",
      "id": 15204,
      "geometry": {
        "type": "Point",
        "coordinates": [
          -49.25460050942725,
          -16.697276292154044
        ]
      },
      "properties": {
        "OBJECTID": 15204,
        "id": "042000637980",
        "nrlote": " ",
        "cdespecie": 36,
        "inidade": "J",
        "inporte": "B",
        "incondarv": "1",
        "indiamcopa": "3,2",
        "poda": " ",
        "inpodalp": "-",
        "inpodalc": "-",
        "inpodapu": "-",
        "inpodapl": "-",
        "inpodarc": "-",
        "inpodasp": "SP",
        "inasppai": "BO",
        "inalttens": "N",
        "inbaitens": "N",
        "intelefone": "N",
        "inilumina": "N",
        "inoutras": "-",
        "incap": "0,08",
        "incodfus": "BO",
        "indistlote": "-",
        "indistedif": "-",
        "indistmfio": "3,0",
        "incondraiz": "BO",
        "ininterfte": "N",
        "ininterfsa": "N",
        "ininterfca": "N",
        "ininterfas": "N",
        "ininterfmf": "N",
        "ininterfbh": "-",
        "inalinha": "S",
        "necessidad": " ",
        "inrt": "-",
        "inpt": "-",
        "inpm": "-",
        "inpl": "-",
        "inrd": "-",
        "incp": "-",
        "incd": "CD",
        "inaf": "-",
        "inst": "-",
        "inri": "-",
        "inrf": " ",
        "inpf": "-",
        "intu": "-",
        "inobs": "9",
        "dtlevanta": "09/09/99",
        "id_lot": " ",
        "id_qdr": "111111111112",
        "id_mfi": " ",
        "id_seg": "000300022602",
        "distance": 1831.818,
        "idlocal": "C",
        "cdtparvore": 101,
        "porte": "G",
        "idade": "A",
        "cap": 105,
        "fuste_cond": "B",
        "dist_ccivi": 4.9000001,
        "dpc": 11.5,
        "copa_condi": "B",
        "tipo_poda": "SR",
        "asp_paisag": "R",
        "eqp_rat": "V",
        "eqp_rbt": "A",
        "eqp_fiasec": "N",
        "eqp_telefo": "A",
        "eqp_transi": "N",
        "eqp_ilumin": "N",
        "raiz_condi": "R",
        "eqp_agua": " ",
        "eqp_esgoto": " ",
        "eqp_calcad": "V",
        "eqp_meiofi": "V",
        "cdoutr_int": " ",
        "observacao": "  PATRIMONIO HISTORICO",
        "instatus": "V",
        "dtplantio": null,
        "dtcadastro": 841190400000,
        "dtatualiza": null,
        "plano_oper": 2,
        "nrquadra": "47",
        "larg_rua": 25.70000076,
        "larg_calca": 4.9000001,
        "cdbairro": 1,
        "cdlogradou": 772,
        "cdind1": " ",
        "dsind1": " ",
        "cdind2": " ",
        "dsind2": " ",
        "cdind3": " ",
        "dsind3": " ",
        "cdind4": " ",
        "dsind4": " ",
        "cdind5": " ",
        "dsind5": " ",
        "nm": "36",
        "x_coord": 686105.851881,
        "y_coord": 8153118.65304,
        "created_user": null,
        "created_date": null,
        "last_edited_user": null,
        "last_edited_date": null
      }
    },
    {
      "type": "Feature",
      "id": 19682,
      "geometry": {
        "type": "Point",
        "coordinates": [
          -49.27576603470553,
          -16.66467564544425
        ]
      },
      "properties": {
        "OBJECTID": 19682,
        "id": "042000990396",
        "nrlote": " ",
        "cdespecie": 36,
        "inidade": "A",
        "inporte": "M",
        "incondarv": "1",
        "indiamcopa": "5,00",
        "poda": " ",
        "inpodalp": "-",
        "inpodalc": "-",
        "inpodapu": "-",
        "inpodapl": "PL",
        "inpodarc": "-",
        "inpodasp": "-",
        "inasppai": "BO",
        "inalttens": "N",
        "inbaitens": "N",
        "intelefone": "N",
        "inilumina": "N",
        "inoutras": "1",
        "incap": "0,28",
        "incodfus": "BO",
        "indistlote": "0,80",
        "indistedif": "6,00",
        "indistmfio": "0,70",
        "incondraiz": "BO",
        "ininterfte": "N",
        "ininterfsa": "N",
        "ininterfca": "N",
        "ininterfas": "N",
        "ininterfmf": "N",
        "ininterfbh": "-",
        "inalinha": "S",
        "necessidad": " ",
        "inrt": "-",
        "inpt": "-",
        "inpm": "-",
        "inpl": "PL",
        "inrd": "-",
        "incp": "-",
        "incd": "-",
        "inaf": "-",
        "inst": "-",
        "inri": "-",
        "inrf": " ",
        "inpf": "-",
        "intu": "-",
        "inobs": "20",
        "dtlevanta": "22/02/99",
        "id_lot": "000100311107",
        "id_qdr": "000200019507",
        "id_mfi": " ",
        "id_seg": "000300060007",
        "distance": 1014.199,
        "idlocal": " ",
        "cdtparvore": 0,
        "porte": " ",
        "idade": " ",
        "cap": 0,
        "fuste_cond": " ",
        "dist_ccivi": 0,
        "dpc": 0,
        "copa_condi": " ",
        "tipo_poda": " ",
        "asp_paisag": " ",
        "eqp_rat": " ",
        "eqp_rbt": " ",
        "eqp_fiasec": " ",
        "eqp_telefo": " ",
        "eqp_transi": " ",
        "eqp_ilumin": " ",
        "raiz_condi": " ",
        "eqp_agua": " ",
        "eqp_esgoto": " ",
        "eqp_calcad": " ",
        "eqp_meiofi": " ",
        "cdoutr_int": " ",
        "observacao": " ",
        "instatus": " ",
        "dtplantio": null,
        "dtcadastro": null,
        "dtatualiza": null,
        "plano_oper": 0,
        "nrquadra": " ",
        "larg_rua": 0,
        "larg_calca": 0,
        "cdbairro": 0,
        "cdlogradou": 0,
        "cdind1": " ",
        "dsind1": " ",
        "cdind2": " ",
        "dsind2": " ",
        "cdind3": " ",
        "dsind3": " ",
        "cdind4": " ",
        "dsind4": " ",
        "cdind5": " ",
        "dsind5": " ",
        "nm": "36",
        "x_coord": 683879.643048,
        "y_coord": 8156746.00483,
        "created_user": null,
        "created_date": null,
        "last_edited_user": null,
        "last_edited_date": null
      }
    },
    {
      "type": "Feature",
      "id": 4705,
      "geometry": {
        "type": "Point",
        "coordinates": [
          -49.265955288056624,
          -16.728312450218844
        ]
      },
      "properties": {
        "OBJECTID": 4705,
        "id": "042000650404",
        "nrlote": " ",
        "cdespecie": 118,
        "inidade": "A",
        "inporte": "A",
        "incondarv": "1",
        "indiamcopa": "7,50",
        "poda": " ",
        "inpodalp": "-",
        "inpodalc": "-",
        "inpodapu": "-",
        "inpodapl": "-",
        "inpodarc": "-",
        "inpodasp": "SP",
        "inasppai": "BO",
        "inalttens": "N",
        "inbaitens": "N",
        "intelefone": "N",
        "inilumina": "N",
        "inoutras": "-",
        "incap": "1,30",
        "incodfus": "BO",
        "indistlote": "0,50",
        "indistedif": "10,00",
        "indistmfio": "4,50",
        "incondraiz": "BO",
        "ininterfte": "N",
        "ininterfsa": "N",
        "ininterfca": "S",
        "ininterfas": "N",
        "ininterfmf": "N",
        "ininterfbh": "-",
        "inalinha": "N",
        "necessidad": " ",
        "inrt": "-",
        "inpt": "-",
        "inpm": "-",
        "inpl": "-",
        "inrd": "-",
        "incp": "-",
        "incd": "-",
        "inaf": "AF",
        "inst": "-",
        "inri": "-",
        "inrf": " ",
        "inpf": "-",
        "intu": "-",
        "inobs": "-",
        "dtlevanta": "09/09/99",
        "id_lot": "000100586112",
        "id_qdr": "000200039112",
        "id_mfi": " ",
        "id_seg": "000300090812",
        "distance": 5219.871,
        "idlocal": "C",
        "cdtparvore": 101,
        "porte": "G",
        "idade": "A",
        "cap": 143,
        "fuste_cond": "B",
        "dist_ccivi": 4.19999981,
        "dpc": 7.69999981,
        "copa_condi": "B",
        "tipo_poda": "SR",
        "asp_paisag": "B",
        "eqp_rat": "N",
        "eqp_rbt": "A",
        "eqp_fiasec": "N",
        "eqp_telefo": "A",
        "eqp_transi": "N",
        "eqp_ilumin": "N",
        "raiz_condi": "B",
        "eqp_agua": " ",
        "eqp_esgoto": " ",
        "eqp_calcad": "I",
        "eqp_meiofi": "I",
        "cdoutr_int": " ",
        "observacao": " PATRIMONIO HISTORICO",
        "instatus": "V",
        "dtplantio": null,
        "dtcadastro": 841190400000,
        "dtatualiza": null,
        "plano_oper": 2,
        "nrquadra": "47",
        "larg_rua": 25.70000076,
        "larg_calca": 4.9000001,
        "cdbairro": 1,
        "cdlogradou": 772,
        "cdind1": " ",
        "dsind1": " ",
        "cdind2": " ",
        "dsind2": " ",
        "cdind3": " ",
        "dsind3": " ",
        "cdind4": " ",
        "dsind4": " ",
        "cdind5": " ",
        "dsind5": " ",
        "nm": "118",
        "x_coord": 684864.917762,
        "y_coord": 8149694.6211,
        "created_user": null,
        "created_date": null,
        "last_edited_user": null,
        "last_edited_date": null
      }
    },
    {
      "type": "Feature",
      "id": 8776,
      "geometry": {
        "type": "Point",
        "coordinates": [
          -49.28784353238374,
          -16.720186538699256
        ]
      },
      "properties": {
        "OBJECTID": 8776,
        "id": "042000891720",
        "nrlote": " ",
        "cdespecie": 118,
        "inidade": "J",
        "inporte": "M",
        "incondarv": "1",
        "indiamcopa": "3.00",
        "poda": " ",
        "inpodalp": "-",
        "inpodalc": "-",
        "inpodapu": "-",
        "inpodapl": "-",
        "inpodarc": "-",
        "inpodasp": "SP",
        "inasppai": "BO",
        "inalttens": "N",
        "inbaitens": "N",
        "intelefone": "N",
        "inilumina": "N",
        "inoutras": "5",
        "incap": "0.11",
        "incodfus": "BO",
        "indistlote": "2.30",
        "indistedif": "8.00",
        "indistmfio": "0.70",
        "incondraiz": "BO",
        "ininterfte": "N",
        "ininterfsa": "N",
        "ininterfca": "N",
        "ininterfas": "N",
        "ininterfmf": "N",
        "ininterfbh": "-",
        "inalinha": "S",
        "necessidad": " ",
        "inrt": "-",
        "inpt": "-",
        "inpm": "-",
        "inpl": "-",
        "inrd": "-",
        "incp": "-",
        "incd": "-",
        "inaf": "-",
        "inst": "ST",
        "inri": "-",
        "inrf": " ",
        "inpf": "-",
        "intu": "-",
        "inobs": "12",
        "dtlevanta": "29/09/99",
        "id_lot": "000100322113",
        "id_qdr": "000200019113",
        "id_mfi": " ",
        "id_seg": "000300010613",
        "distance": 5208.82,
        "idlocal": " ",
        "cdtparvore": 0,
        "porte": " ",
        "idade": " ",
        "cap": 0,
        "fuste_cond": " ",
        "dist_ccivi": 0,
        "dpc": 0,
        "copa_condi": " ",
        "tipo_poda": " ",
        "asp_paisag": " ",
        "eqp_rat": " ",
        "eqp_rbt": " ",
        "eqp_fiasec": " ",
        "eqp_telefo": " ",
        "eqp_transi": " ",
        "eqp_ilumin": " ",
        "raiz_condi": " ",
        "eqp_agua": " ",
        "eqp_esgoto": " ",
        "eqp_calcad": " ",
        "eqp_meiofi": " ",
        "cdoutr_int": " ",
        "observacao": " ",
        "instatus": " ",
        "dtplantio": null,
        "dtcadastro": null,
        "dtatualiza": null,
        "plano_oper": 0,
        "nrquadra": " ",
        "larg_rua": 0,
        "larg_calca": 0,
        "cdbairro": 0,
        "cdlogradou": 0,
        "cdind1": " ",
        "dsind1": " ",
        "cdind2": " ",
        "dsind2": " ",
        "cdind3": " ",
        "dsind3": " ",
        "cdind4": " ",
        "dsind4": " ",
        "cdind5": " ",
        "dsind5": " ",
        "nm": "118",
        "x_coord": 682538.579989,
        "y_coord": 8150614.07356,
        "created_user": null,
        "created_date": null,
        "last_edited_user": null,
        "last_edited_date": null
      }
    },
    {
      "type": "Feature",
      "id": 8837,
      "geometry": {
        "type": "Point",
        "coordinates": [
          -49.28776694022981,
          -16.720982736771507
        ]
      },
      "properties": {
        "OBJECTID": 8837,
        "id": "042000892157",
        "nrlote": " ",
        "cdespecie": 118,
        "inidade": "A",
        "inporte": "A",
        "incondarv": "1",
        "indiamcopa": "7,80",
        "poda": " ",
        "inpodalp": "-",
        "inpodalc": "-",
        "inpodapu": "-",
        "inpodapl": "PL",
        "inpodarc": "-",
        "inpodasp": "-",
        "inasppai": "BO",
        "inalttens": "N",
        "inbaitens": "N",
        "intelefone": "N",
        "inilumina": "N",
        "inoutras": "1",
        "incap": "0,50",
        "incodfus": "BO",
        "indistlote": "2,00",
        "indistedif": "8,00",
        "indistmfio": "1,50",
        "incondraiz": "BO",
        "ininterfte": "N",
        "ininterfsa": "N",
        "ininterfca": "S",
        "ininterfas": "N",
        "ininterfmf": "N",
        "ininterfbh": "-",
        "inalinha": "S",
        "necessidad": " ",
        "inrt": "-",
        "inpt": "-",
        "inpm": "-",
        "inpl": "PL",
        "inrd": "RD",
        "incp": "-",
        "incd": "-",
        "inaf": "-",
        "inst": "-",
        "inri": "-",
        "inrf": " ",
        "inpf": "-",
        "intu": "-",
        "inobs": "-",
        "dtlevanta": "29/09/99",
        "id_lot": "000100323413",
        "id_qdr": "000200019213",
        "id_mfi": " ",
        "id_seg": "000300010613",
        "distance": 5277.218,
        "idlocal": " ",
        "cdtparvore": 0,
        "porte": " ",
        "idade": " ",
        "cap": 0,
        "fuste_cond": " ",
        "dist_ccivi": 0,
        "dpc": 0,
        "copa_condi": " ",
        "tipo_poda": " ",
        "asp_paisag": " ",
        "eqp_rat": " ",
        "eqp_rbt": " ",
        "eqp_fiasec": " ",
        "eqp_telefo": " ",
        "eqp_transi": " ",
        "eqp_ilumin": " ",
        "raiz_condi": " ",
        "eqp_agua": " ",
        "eqp_esgoto": " ",
        "eqp_calcad": " ",
        "eqp_meiofi": " ",
        "cdoutr_int": " ",
        "observacao": " ",
        "instatus": " ",
        "dtplantio": null,
        "dtcadastro": null,
        "dtatualiza": null,
        "plano_oper": 0,
        "nrquadra": " ",
        "larg_rua": 0,
        "larg_calca": 0,
        "cdbairro": 0,
        "cdlogradou": 0,
        "cdind1": " ",
        "dsind1": " ",
        "cdind2": " ",
        "dsind2": " ",
        "cdind3": " ",
        "dsind3": " ",
        "cdind4": " ",
        "dsind4": " ",
        "cdind5": " ",
        "dsind5": " ",
        "nm": "118",
        "x_coord": 682545.990043,
        "y_coord": 8150525.89326,
        "created_user": null,
        "created_date": null,
        "last_edited_user": null,
        "last_edited_date": null
      }
    },
    {
      "type": "Feature",
      "id": 14678,
      "geometry": {
        "type": "Point",
        "coordinates": [
          -49.29376184939207,
          -16.668194867595684
        ]
      },
      "properties": {
        "OBJECTID": 14678,
        "id": "042000897230",
        "nrlote": " ",
        "cdespecie": 118,
        "inidade": "J",
        "inporte": "B",
        "incondarv": "1",
        "indiamcopa": "0,40",
        "poda": " ",
        "inpodalp": "-",
        "inpodalc": "-",
        "inpodapu": "-",
        "inpodapl": "-",
        "inpodarc": "-",
        "inpodasp": "SP",
        "inasppai": "BO",
        "inalttens": "N",
        "inbaitens": "N",
        "intelefone": "N",
        "inilumina": "N",
        "inoutras": "11",
        "incap": "0,02",
        "incodfus": "BO",
        "indistlote": "2,90",
        "indistedif": "2,90",
        "indistmfio": "0,60",
        "incondraiz": "BO",
        "ininterfte": "N",
        "ininterfsa": "N",
        "ininterfca": "N",
        "ininterfas": "N",
        "ininterfmf": "N",
        "ininterfbh": "-",
        "inalinha": "S",
        "necessidad": " ",
        "inrt": "-",
        "inpt": "-",
        "inpm": "-",
        "inpl": "-",
        "inrd": "-",
        "incp": "-",
        "incd": "-",
        "inaf": "-",
        "inst": "-",
        "inri": "-",
        "inrf": " ",
        "inpf": "-",
        "intu": "TU",
        "inobs": "-",
        "dtlevanta": "01/10/99",
        "id_lot": "000100498307",
        "id_qdr": "000200032407",
        "id_mfi": " ",
        "id_seg": "000300035807",
        "distance": 2932.296,
        "idlocal": " ",
        "cdtparvore": 0,
        "porte": " ",
        "idade": " ",
        "cap": 0,
        "fuste_cond": " ",
        "dist_ccivi": 0,
        "dpc": 0,
        "copa_condi": " ",
        "tipo_poda": " ",
        "asp_paisag": " ",
        "eqp_rat": " ",
        "eqp_rbt": " ",
        "eqp_fiasec": " ",
        "eqp_telefo": " ",
        "eqp_transi": " ",
        "eqp_ilumin": " ",
        "raiz_condi": " ",
        "eqp_agua": " ",
        "eqp_esgoto": " ",
        "eqp_calcad": " ",
        "eqp_meiofi": " ",
        "cdoutr_int": " ",
        "observacao": " ",
        "instatus": " ",
        "dtplantio": null,
        "dtcadastro": null,
        "dtatualiza": null,
        "plano_oper": 0,
        "nrquadra": " ",
        "larg_rua": 0,
        "larg_calca": 0,
        "cdbairro": 0,
        "cdlogradou": 0,
        "cdind1": " ",
        "dsind1": " ",
        "cdind2": " ",
        "dsind2": " ",
        "cdind3": " ",
        "dsind3": " ",
        "cdind4": " ",
        "dsind4": " ",
        "cdind5": " ",
        "dsind5": " ",
        "nm": "118",
        "x_coord": 681956.685769,
        "y_coord": 8156373.04313,
        "created_user": null,
        "created_date": null,
        "last_edited_user": null,
        "last_edited_date": null
      }
    },
    {
      "type": "Feature",
      "id": 14679,
      "geometry": {
        "type": "Point",
        "coordinates": [
          -49.293684174608835,
          -16.66822178909808
        ]
      },
      "properties": {
        "OBJECTID": 14679,
        "id": "042000897248",
        "nrlote": " ",
        "cdespecie": 118,
        "inidade": "J",
        "inporte": "B",
        "incondarv": "1",
        "indiamcopa": "0,70",
        "poda": " ",
        "inpodalp": "-",
        "inpodalc": "-",
        "inpodapu": "-",
        "inpodapl": "-",
        "inpodarc": "-",
        "inpodasp": "SP",
        "inasppai": "BO",
        "inalttens": "N",
        "inbaitens": "N",
        "intelefone": "N",
        "inilumina": "N",
        "inoutras": "11",
        "incap": "0,03",
        "incodfus": "BO",
        "indistlote": "2,90",
        "indistedif": "2,90",
        "indistmfio": "0,60",
        "incondraiz": "BO",
        "ininterfte": "N",
        "ininterfsa": "N",
        "ininterfca": "N",
        "ininterfas": "N",
        "ininterfmf": "N",
        "ininterfbh": "-",
        "inalinha": "S",
        "necessidad": " ",
        "inrt": "-",
        "inpt": "-",
        "inpm": "-",
        "inpl": "-",
        "inrd": "-",
        "incp": "-",
        "incd": "-",
        "inaf": "-",
        "inst": "-",
        "inri": "-",
        "inrf": " ",
        "inpf": "-",
        "intu": "TU",
        "inobs": "-",
        "dtlevanta": "01/10/99",
        "id_lot": "000100498207",
        "id_qdr": "000200032407",
        "id_mfi": " ",
        "id_seg": "000300035807",
        "distance": 2924.282,
        "idlocal": " ",
        "cdtparvore": 0,
        "porte": " ",
        "idade": " ",
        "cap": 0,
        "fuste_cond": " ",
        "dist_ccivi": 0,
        "dpc": 0,
        "copa_condi": " ",
        "tipo_poda": " ",
        "asp_paisag": " ",
        "eqp_rat": " ",
        "eqp_rbt": " ",
        "eqp_fiasec": " ",
        "eqp_telefo": " ",
        "eqp_transi": " ",
        "eqp_ilumin": " ",
        "raiz_condi": " ",
        "eqp_agua": " ",
        "eqp_esgoto": " ",
        "eqp_calcad": " ",
        "eqp_meiofi": " ",
        "cdoutr_int": " ",
        "observacao": " ",
        "instatus": " ",
        "dtplantio": null,
        "dtcadastro": null,
        "dtatualiza": null,
        "plano_oper": 0,
        "nrquadra": " ",
        "larg_rua": 0,
        "larg_calca": 0,
        "cdbairro": 0,
        "cdlogradou": 0,
        "cdind1": " ",
        "dsind1": " ",
        "cdind2": " ",
        "dsind2": " ",
        "cdind3": " ",
        "dsind3": " ",
        "cdind4": " ",
        "dsind4": " ",
        "cdind5": " ",
        "dsind5": " ",
        "nm": "118",
        "x_coord": 681964.945803,
        "y_coord": 8156369.99312,
        "created_user": null,
        "created_date": null,
        "last_edited_user": null,
        "last_edited_date": null
      }
    },
    {
      "type": "Feature",
      "id": 14680,
      "geometry": {
        "type": "Point",
        "coordinates": [
          -49.29329777431295,
          -16.6683555991211
        ]
      },
      "properties": {
        "OBJECTID": 14680,
        "id": "042000897280",
        "nrlote": " ",
        "cdespecie": 118,
        "inidade": "J",
        "inporte": "B",
        "incondarv": "1",
        "indiamcopa": "0,60",
        "poda": " ",
        "inpodalp": "-",
        "inpodalc": "-",
        "inpodapu": "-",
        "inpodapl": "-",
        "inpodarc": "-",
        "inpodasp": "SP",
        "inasppai": "BO",
        "inalttens": "N",
        "inbaitens": "N",
        "intelefone": "N",
        "inilumina": "N",
        "inoutras": "11",
        "incap": "0,02",
        "incodfus": "BO",
        "indistlote": "2,90",
        "indistedif": "2,90",
        "indistmfio": "0,60",
        "incondraiz": "BO",
        "ininterfte": "N",
        "ininterfsa": "N",
        "ininterfca": "N",
        "ininterfas": "N",
        "ininterfmf": "N",
        "ininterfbh": "-",
        "inalinha": "S",
        "necessidad": " ",
        "inrt": "-",
        "inpt": "-",
        "inpm": "-",
        "inpl": "-",
        "inrd": "-",
        "incp": "-",
        "incd": "-",
        "inaf": "-",
        "inst": "-",
        "inri": "-",
        "inrf": " ",
        "inpf": "-",
        "intu": "TU",
        "inobs": "-",
        "dtlevanta": "01/10/99",
        "id_lot": "000100497707",
        "id_qdr": "000200032407",
        "id_mfi": " ",
        "id_seg": "000300035807",
        "distance": 2884.484,
        "idlocal": " ",
        "cdtparvore": 0,
        "porte": " ",
        "idade": " ",
        "cap": 0,
        "fuste_cond": " ",
        "dist_ccivi": 0,
        "dpc": 0,
        "copa_condi": " ",
        "tipo_poda": " ",
        "asp_paisag": " ",
        "eqp_rat": " ",
        "eqp_rbt": " ",
        "eqp_fiasec": " ",
        "eqp_telefo": " ",
        "eqp_transi": " ",
        "eqp_ilumin": " ",
        "raiz_condi": " ",
        "eqp_agua": " ",
        "eqp_esgoto": " ",
        "eqp_calcad": " ",
        "eqp_meiofi": " ",
        "cdoutr_int": " ",
        "observacao": " ",
        "instatus": " ",
        "dtplantio": null,
        "dtcadastro": null,
        "dtatualiza": null,
        "plano_oper": 0,
        "nrquadra": " ",
        "larg_rua": 0,
        "larg_calca": 0,
        "cdbairro": 0,
        "cdlogradou": 0,
        "cdind1": " ",
        "dsind1": " ",
        "cdind2": " ",
        "dsind2": " ",
        "cdind3": " ",
        "dsind3": " ",
        "cdind4": " ",
        "dsind4": " ",
        "cdind5": " ",
        "dsind5": " ",
        "nm": "118",
        "x_coord": 682006.035969,
        "y_coord": 8156354.83307,
        "created_user": null,
        "created_date": null,
        "last_edited_user": null,
        "last_edited_date": null
      }
    },
    {
      "type": "Feature",
      "id": 606,
      "geometry": {
        "type": "Point",
        "coordinates": [
          -49.26369770730032,
          -16.711495468269177
        ]
      },
      "properties": {
        "OBJECTID": 606,
        "id": "042000754897",
        "nrlote": " ",
        "cdespecie": 119,
        "inidade": "A",
        "inporte": "M",
        "incondarv": "1",
        "indiamcopa": "5,20",
        "poda": " ",
        "inpodalp": "-",
        "inpodalc": "LC",
        "inpodapu": "-",
        "inpodapl": "-",
        "inpodarc": "-",
        "inpodasp": "-",
        "inasppai": "BO",
        "inalttens": "N",
        "inbaitens": "N",
        "intelefone": "N",
        "inilumina": "N",
        "inoutras": "-",
        "incap": "0,70",
        "incodfus": "BO",
        "indistlote": "3,80",
        "indistedif": "-",
        "indistmfio": "1,20",
        "incondraiz": "BO",
        "ininterfte": "N",
        "ininterfsa": "N",
        "ininterfca": "N",
        "ininterfas": "N",
        "ininterfmf": "N",
        "ininterfbh": "-",
        "inalinha": "S",
        "necessidad": " ",
        "inrt": "-",
        "inpt": "-",
        "inpm": "-",
        "inpl": "-",
        "inrd": "-",
        "incp": "-",
        "incd": "-",
        "inaf": "-",
        "inst": "ST",
        "inri": "-",
        "inrf": " ",
        "inpf": "-",
        "intu": "-",
        "inobs": "12",
        "dtlevanta": "10/09/99",
        "id_lot": "000200014911",
        "id_qdr": "000200014911",
        "id_mfi": " ",
        "id_seg": "000300027211",
        "distance": 3343.279,
        "idlocal": "C",
        "cdtparvore": 101,
        "porte": "G",
        "idade": "A",
        "cap": 143,
        "fuste_cond": "B",
        "dist_ccivi": 4.19999981,
        "dpc": 7.69999981,
        "copa_condi": "B",
        "tipo_poda": "SR",
        "asp_paisag": "B",
        "eqp_rat": "N",
        "eqp_rbt": "A",
        "eqp_fiasec": "N",
        "eqp_telefo": "A",
        "eqp_transi": "N",
        "eqp_ilumin": "N",
        "raiz_condi": "B",
        "eqp_agua": " ",
        "eqp_esgoto": " ",
        "eqp_calcad": "I",
        "eqp_meiofi": "I",
        "cdoutr_int": " ",
        "observacao": " PATRIMONIO HISTORICO",
        "instatus": "V",
        "dtplantio": null,
        "dtcadastro": 841190400000,
        "dtatualiza": null,
        "plano_oper": 2,
        "nrquadra": "47",
        "larg_rua": 25.70000076,
        "larg_calca": 4.9000001,
        "cdbairro": 1,
        "cdlogradou": 772,
        "cdind1": " ",
        "dsind1": " ",
        "cdind2": " ",
        "dsind2": " ",
        "cdind3": " ",
        "dsind3": " ",
        "cdind4": " ",
        "dsind4": " ",
        "cdind5": " ",
        "dsind5": " ",
        "nm": "119",
        "x_coord": 685121.888468,
        "y_coord": 8151553.56748,
        "created_user": null,
        "created_date": null,
        "last_edited_user": null,
        "last_edited_date": null
      }
    },
    {
      "type": "Feature",
      "id": 609,
      "geometry": {
        "type": "Point",
        "coordinates": [
          -49.26372876655547,
          -16.71086065510399
        ]
      },
      "properties": {
        "OBJECTID": 609,
        "id": "042000754978",
        "nrlote": " ",
        "cdespecie": 119,
        "inidade": "A",
        "inporte": "M",
        "incondarv": "1",
        "indiamcopa": "4,20",
        "poda": " ",
        "inpodalp": "-",
        "inpodalc": "LC",
        "inpodapu": "-",
        "inpodapl": "-",
        "inpodarc": "-",
        "inpodasp": "-",
        "inasppai": "BO",
        "inalttens": "N",
        "inbaitens": "N",
        "intelefone": "N",
        "inilumina": "N",
        "inoutras": "-",
        "incap": "0,30",
        "incodfus": "BO",
        "indistlote": "3,80",
        "indistedif": "-",
        "indistmfio": "1,20",
        "incondraiz": "BO",
        "ininterfte": "N",
        "ininterfsa": "N",
        "ininterfca": "N",
        "ininterfas": "N",
        "ininterfmf": "N",
        "ininterfbh": "-",
        "inalinha": "S",
        "necessidad": " ",
        "inrt": "-",
        "inpt": "-",
        "inpm": "-",
        "inpl": "-",
        "inrd": "-",
        "incp": "-",
        "incd": "-",
        "inaf": "-",
        "inst": "ST",
        "inri": "-",
        "inrf": " ",
        "inpf": "-",
        "intu": "-",
        "inobs": "12",
        "dtlevanta": "10/09/99",
        "id_lot": "000200014911",
        "id_qdr": "000200014911",
        "id_mfi": " ",
        "id_seg": "000300027211",
        "distance": 3273.975,
        "idlocal": "C",
        "cdtparvore": 101,
        "porte": "G",
        "idade": "A",
        "cap": 143,
        "fuste_cond": "B",
        "dist_ccivi": 4.19999981,
        "dpc": 7.69999981,
        "copa_condi": "B",
        "tipo_poda": "SR",
        "asp_paisag": "B",
        "eqp_rat": "N",
        "eqp_rbt": "A",
        "eqp_fiasec": "N",
        "eqp_telefo": "A",
        "eqp_transi": "N",
        "eqp_ilumin": "N",
        "raiz_condi": "B",
        "eqp_agua": " ",
        "eqp_esgoto": " ",
        "eqp_calcad": "I",
        "eqp_meiofi": "I",
        "cdoutr_int": " ",
        "observacao": " PATRIMONIO HISTORICO",
        "instatus": "V",
        "dtplantio": null,
        "dtcadastro": 841190400000,
        "dtatualiza": null,
        "plano_oper": 2,
        "nrquadra": "47",
        "larg_rua": 25.70000076,
        "larg_calca": 4.9000001,
        "cdbairro": 1,
        "cdlogradou": 772,
        "cdind1": " ",
        "dsind1": " ",
        "cdind2": " ",
        "dsind2": " ",
        "cdind3": " ",
        "dsind3": " ",
        "cdind4": " ",
        "dsind4": " ",
        "cdind5": " ",
        "dsind5": " ",
        "nm": "119",
        "x_coord": 685119.188455,
        "y_coord": 8151623.84772,
        "created_user": null,
        "created_date": null,
        "last_edited_user": null,
        "last_edited_date": null
      }
    },
    {
      "type": "Feature",
      "id": 611,
      "geometry": {
        "type": "Point",
        "coordinates": [
          -49.26359045636089,
          -16.710301137537655
        ]
      },
      "properties": {
        "OBJECTID": 611,
        "id": "042000755028",
        "nrlote": " ",
        "cdespecie": 119,
        "inidade": "A",
        "inporte": "M",
        "incondarv": "1",
        "indiamcopa": "3,90",
        "poda": " ",
        "inpodalp": "-",
        "inpodalc": "LC",
        "inpodapu": "-",
        "inpodapl": "-",
        "inpodarc": "-",
        "inpodasp": "-",
        "inasppai": "BO",
        "inalttens": "N",
        "inbaitens": "N",
        "intelefone": "N",
        "inilumina": "N",
        "inoutras": "10",
        "incap": "0,30",
        "incodfus": "BO",
        "indistlote": "5,20",
        "indistedif": "15,00",
        "indistmfio": "0,80",
        "incondraiz": "BO",
        "ininterfte": "N",
        "ininterfsa": "N",
        "ininterfca": "S",
        "ininterfas": "N",
        "ininterfmf": "N",
        "ininterfbh": "-",
        "inalinha": "N",
        "necessidad": " ",
        "inrt": "-",
        "inpt": "-",
        "inpm": "-",
        "inpl": "-",
        "inrd": "RD",
        "incp": "-",
        "incd": "-",
        "inaf": "-",
        "inst": "-",
        "inri": "-",
        "inrf": " ",
        "inpf": "-",
        "intu": "-",
        "inobs": "13",
        "dtlevanta": "10/09/99",
        "id_lot": "000200014911",
        "id_qdr": "000200014911",
        "id_mfi": " ",
        "id_seg": "000300026511",
        "distance": 3210.7,
        "idlocal": "C",
        "cdtparvore": 101,
        "porte": "G",
        "idade": "A",
        "cap": 143,
        "fuste_cond": "B",
        "dist_ccivi": 4.19999981,
        "dpc": 7.69999981,
        "copa_condi": "B",
        "tipo_poda": "SR",
        "asp_paisag": "B",
        "eqp_rat": "N",
        "eqp_rbt": "A",
        "eqp_fiasec": "N",
        "eqp_telefo": "A",
        "eqp_transi": "N",
        "eqp_ilumin": "N",
        "raiz_condi": "B",
        "eqp_agua": " ",
        "eqp_esgoto": " ",
        "eqp_calcad": "I",
        "eqp_meiofi": "I",
        "cdoutr_int": " ",
        "observacao": " PATRIMONIO HISTORICO",
        "instatus": "V",
        "dtplantio": null,
        "dtcadastro": 841190400000,
        "dtatualiza": null,
        "plano_oper": 2,
        "nrquadra": "47",
        "larg_rua": 25.70000076,
        "larg_calca": 4.9000001,
        "cdbairro": 1,
        "cdlogradou": 772,
        "cdind1": " ",
        "dsind1": " ",
        "cdind2": " ",
        "dsind2": " ",
        "cdind3": " ",
        "dsind3": " ",
        "cdind4": " ",
        "dsind4": " ",
        "cdind5": " ",
        "dsind5": " ",
        "nm": "119",
        "x_coord": 685134.478503,
        "y_coord": 8151685.63793,
        "created_user": null,
        "created_date": null,
        "last_edited_user": null,
        "last_edited_date": null
      }
    },
    {
      "type": "Feature",
      "id": 616,
      "geometry": {
        "type": "Point",
        "coordinates": [
          -49.262577983513786,
          -16.71025594174091
        ]
      },
      "properties": {
        "OBJECTID": 616,
        "id": "042000755133",
        "nrlote": " ",
        "cdespecie": 119,
        "inidade": "A",
        "inporte": "M",
        "incondarv": "1",
        "indiamcopa": "4,50",
        "poda": " ",
        "inpodalp": "-",
        "inpodalc": "LC",
        "inpodapu": "-",
        "inpodapl": "-",
        "inpodarc": "-",
        "inpodasp": "-",
        "inasppai": "BO",
        "inalttens": "N",
        "inbaitens": "N",
        "intelefone": "N",
        "inilumina": "N",
        "inoutras": "-",
        "incap": "0,40",
        "incodfus": "BO",
        "indistlote": "5,30",
        "indistedif": "5,30",
        "indistmfio": "0,70",
        "incondraiz": "BO",
        "ininterfte": "N",
        "ininterfsa": "N",
        "ininterfca": "N",
        "ininterfas": "N",
        "ininterfmf": "N",
        "ininterfbh": "-",
        "inalinha": "S",
        "necessidad": " ",
        "inrt": "-",
        "inpt": "-",
        "inpm": "-",
        "inpl": "-",
        "inrd": "-",
        "incp": "-",
        "incd": "-",
        "inaf": "-",
        "inst": "ST",
        "inri": "-",
        "inrf": " ",
        "inpf": "-",
        "intu": "-",
        "inobs": "12",
        "dtlevanta": "10/09/99",
        "id_lot": "000200014911",
        "id_qdr": "000200014911",
        "id_mfi": " ",
        "id_seg": "000300026511",
        "distance": 3194.192,
        "idlocal": "C",
        "cdtparvore": 101,
        "porte": "G",
        "idade": "A",
        "cap": 143,
        "fuste_cond": "B",
        "dist_ccivi": 4.19999981,
        "dpc": 7.69999981,
        "copa_condi": "B",
        "tipo_poda": "SR",
        "asp_paisag": "B",
        "eqp_rat": "N",
        "eqp_rbt": "A",
        "eqp_fiasec": "N",
        "eqp_telefo": "A",
        "eqp_transi": "N",
        "eqp_ilumin": "N",
        "raiz_condi": "B",
        "eqp_agua": " ",
        "eqp_esgoto": " ",
        "eqp_calcad": "I",
        "eqp_meiofi": "I",
        "cdoutr_int": " ",
        "observacao": " PATRIMONIO HISTORICO",
        "instatus": "V",
        "dtplantio": null,
        "dtcadastro": 841190400000,
        "dtatualiza": null,
        "plano_oper": 2,
        "nrquadra": "47",
        "larg_rua": 25.70000076,
        "larg_calca": 4.9000001,
        "cdbairro": 1,
        "cdlogradou": 772,
        "cdind1": " ",
        "dsind1": " ",
        "cdind2": " ",
        "dsind2": " ",
        "cdind3": " ",
        "dsind3": " ",
        "cdind4": " ",
        "dsind4": " ",
        "cdind5": " ",
        "dsind5": " ",
        "nm": "119",
        "x_coord": 685242.498872,
        "y_coord": 8151689.69797,
        "created_user": null,
        "created_date": null,
        "last_edited_user": null,
        "last_edited_date": null
      }
    },
    {
      "type": "Feature",
      "id": 649,
      "geometry": {
        "type": "Point",
        "coordinates": [
          -49.26145315823811,
          -16.712107608420474
        ]
      },
      "properties": {
        "OBJECTID": 649,
        "id": "042000759619",
        "nrlote": " ",
        "cdespecie": 119,
        "inidade": "A",
        "inporte": "M",
        "incondarv": "1",
        "indiamcopa": "4,60",
        "poda": " ",
        "inpodalp": "-",
        "inpodalc": "-",
        "inpodapu": "-",
        "inpodapl": "PL",
        "inpodarc": "-",
        "inpodasp": "-",
        "inasppai": "BO",
        "inalttens": "N",
        "inbaitens": "N",
        "intelefone": "N",
        "inilumina": "N",
        "inoutras": "-",
        "incap": "0,40",
        "incodfus": "BO",
        "indistlote": "3,70",
        "indistedif": "-",
        "indistmfio": "0,80",
        "incondraiz": "BO",
        "ininterfte": "N",
        "ininterfsa": "N",
        "ininterfca": "S",
        "ininterfas": "S",
        "ininterfmf": "S",
        "ininterfbh": "-",
        "inalinha": "S",
        "necessidad": " ",
        "inrt": "-",
        "inpt": "-",
        "inpm": "-",
        "inpl": "-",
        "inrd": "RD",
        "incp": "-",
        "incd": "-",
        "inaf": "-",
        "inst": "-",
        "inri": "-",
        "inrf": " ",
        "inpf": "-",
        "intu": "-",
        "inobs": "-",
        "dtlevanta": "13/09/99",
        "id_lot": "000200014911",
        "id_qdr": "000200014911",
        "id_mfi": " ",
        "id_seg": "000300030211",
        "distance": 3390.267,
        "idlocal": "C",
        "cdtparvore": 101,
        "porte": "G",
        "idade": "A",
        "cap": 143,
        "fuste_cond": "B",
        "dist_ccivi": 4.19999981,
        "dpc": 7.69999981,
        "copa_condi": "B",
        "tipo_poda": "SR",
        "asp_paisag": "B",
        "eqp_rat": "N",
        "eqp_rbt": "A",
        "eqp_fiasec": "N",
        "eqp_telefo": "A",
        "eqp_transi": "N",
        "eqp_ilumin": "N",
        "raiz_condi": "B",
        "eqp_agua": " ",
        "eqp_esgoto": " ",
        "eqp_calcad": "I",
        "eqp_meiofi": "I",
        "cdoutr_int": " ",
        "observacao": " PATRIMONIO HISTORICO",
        "instatus": "V",
        "dtplantio": null,
        "dtcadastro": 841190400000,
        "dtatualiza": null,
        "plano_oper": 2,
        "nrquadra": "47",
        "larg_rua": 25.70000076,
        "larg_calca": 4.9000001,
        "cdbairro": 1,
        "cdlogradou": 772,
        "cdind1": " ",
        "dsind1": " ",
        "cdind2": " ",
        "dsind2": " ",
        "cdind3": " ",
        "dsind3": " ",
        "cdind4": " ",
        "dsind4": " ",
        "cdind5": " ",
        "dsind5": " ",
        "nm": "119",
        "x_coord": 685360.669284,
        "y_coord": 8151483.73731,
        "created_user": null,
        "created_date": null,
        "last_edited_user": null,
        "last_edited_date": null
      }
    },
    {
      "type": "Feature",
      "id": 797,
      "geometry": {
        "type": "Point",
        "coordinates": [
          -49.263723415969814,
          -16.713566905103043
        ]
      },
      "properties": {
        "OBJECTID": 797,
        "id": "042000678007",
        "nrlote": " ",
        "cdespecie": 119,
        "inidade": "J",
        "inporte": "M",
        "incondarv": "1",
        "indiamcopa": "5,00",
        "poda": " ",
        "inpodalp": "-",
        "inpodalc": "-",
        "inpodapu": "-",
        "inpodapl": "-",
        "inpodarc": "-",
        "inpodasp": "SP",
        "inasppai": "BO",
        "inalttens": "N",
        "inbaitens": "N",
        "intelefone": "N",
        "inilumina": "N",
        "inoutras": "-",
        "incap": "0.18",
        "incodfus": "BO",
        "indistlote": "-",
        "indistedif": "-",
        "indistmfio": "2.75",
        "incondraiz": "BO",
        "ininterfte": "N",
        "ininterfsa": "N",
        "ininterfca": "N",
        "ininterfas": "N",
        "ininterfmf": "N",
        "ininterfbh": "-",
        "inalinha": "S",
        "necessidad": " ",
        "inrt": "-",
        "inpt": "-",
        "inpm": "-",
        "inpl": "-",
        "inrd": "-",
        "incp": "-",
        "incd": "-",
        "inaf": "-",
        "inst": "ST",
        "inri": "-",
        "inrf": " ",
        "inpf": "-",
        "intu": "-",
        "inobs": "12",
        "dtlevanta": "13/09/99",
        "id_lot": " ",
        "id_qdr": "111111111114",
        "id_mfi": " ",
        "id_seg": "000300029111",
        "distance": 3571.236,
        "idlocal": "C",
        "cdtparvore": 101,
        "porte": "G",
        "idade": "A",
        "cap": 143,
        "fuste_cond": "B",
        "dist_ccivi": 4.19999981,
        "dpc": 7.69999981,
        "copa_condi": "B",
        "tipo_poda": "SR",
        "asp_paisag": "B",
        "eqp_rat": "N",
        "eqp_rbt": "A",
        "eqp_fiasec": "N",
        "eqp_telefo": "A",
        "eqp_transi": "N",
        "eqp_ilumin": "N",
        "raiz_condi": "B",
        "eqp_agua": " ",
        "eqp_esgoto": " ",
        "eqp_calcad": "I",
        "eqp_meiofi": "I",
        "cdoutr_int": " ",
        "observacao": " PATRIMONIO HISTORICO",
        "instatus": "V",
        "dtplantio": null,
        "dtcadastro": 841190400000,
        "dtatualiza": null,
        "plano_oper": 2,
        "nrquadra": "47",
        "larg_rua": 25.70000076,
        "larg_calca": 4.9000001,
        "cdbairro": 1,
        "cdlogradou": 772,
        "cdind1": " ",
        "dsind1": " ",
        "cdind2": " ",
        "dsind2": " ",
        "cdind3": " ",
        "dsind3": " ",
        "cdind4": " ",
        "dsind4": " ",
        "cdind5": " ",
        "dsind5": " ",
        "nm": "119",
        "x_coord": 685117.148467,
        "y_coord": 8151324.3567,
        "created_user": null,
        "created_date": null,
        "last_edited_user": null,
        "last_edited_date": null
      }
    },
    {
      "type": "Feature",
      "id": 2182,
      "geometry": {
        "type": "Point",
        "coordinates": [
          -49.27233575904173,
          -16.718559929800698
        ]
      },
      "properties": {
        "OBJECTID": 2182,
        "id": "042000771392",
        "nrlote": " ",
        "cdespecie": 166,
        "inidade": "J",
        "inporte": "B",
        "incondarv": "1",
        "indiamcopa": "0,20",
        "poda": " ",
        "inpodalp": "-",
        "inpodalc": "-",
        "inpodapu": "-",
        "inpodapl": "-",
        "inpodarc": "-",
        "inpodasp": "SP",
        "inasppai": "BO",
        "inalttens": "N",
        "inbaitens": "N",
        "intelefone": "N",
        "inilumina": "N",
        "inoutras": "-",
        "incap": "0,05",
        "incodfus": "BO",
        "indistlote": "-",
        "indistedif": "-",
        "indistmfio": "-",
        "incondraiz": "BO",
        "ininterfte": "N",
        "ininterfsa": "N",
        "ininterfca": "N",
        "ininterfas": "N",
        "ininterfmf": "N",
        "ininterfbh": "-",
        "inalinha": "N",
        "necessidad": " ",
        "inrt": "-",
        "inpt": "-",
        "inpm": "-",
        "inpl": "-",
        "inrd": "-",
        "incp": "CP",
        "incd": "-",
        "inaf": "-",
        "inst": "-",
        "inri": "-",
        "inrf": " ",
        "inpf": "-",
        "intu": "TU",
        "inobs": "9",
        "dtlevanta": "14/09/99",
        "id_lot": " ",
        "id_qdr": "222222222223",
        "id_mfi": " ",
        "id_seg": "000300014011",
        "distance": 4310.106,
        "idlocal": "C",
        "cdtparvore": 101,
        "porte": "G",
        "idade": "A",
        "cap": 143,
        "fuste_cond": "B",
        "dist_ccivi": 4.19999981,
        "dpc": 7.69999981,
        "copa_condi": "B",
        "tipo_poda": "SR",
        "asp_paisag": "B",
        "eqp_rat": "N",
        "eqp_rbt": "A",
        "eqp_fiasec": "N",
        "eqp_telefo": "A",
        "eqp_transi": "N",
        "eqp_ilumin": "N",
        "raiz_condi": "B",
        "eqp_agua": " ",
        "eqp_esgoto": " ",
        "eqp_calcad": "I",
        "eqp_meiofi": "I",
        "cdoutr_int": " ",
        "observacao": " PATRIMONIO HISTORICO",
        "instatus": "V",
        "dtplantio": null,
        "dtcadastro": 841190400000,
        "dtatualiza": null,
        "plano_oper": 2,
        "nrquadra": "47",
        "larg_rua": 25.70000076,
        "larg_calca": 4.9000001,
        "cdbairro": 1,
        "cdlogradou": 772,
        "cdind1": " ",
        "dsind1": " ",
        "cdind2": " ",
        "dsind2": " ",
        "cdind3": " ",
        "dsind3": " ",
        "cdind4": " ",
        "dsind4": " ",
        "cdind5": " ",
        "dsind5": " ",
        "nm": "166",
        "x_coord": 684193.895433,
        "y_coord": 8150779.7946,
        "created_user": null,
        "created_date": null,
        "last_edited_user": null,
        "last_edited_date": null
      }
    },
    {
      "type": "Feature",
      "id": 2271,
      "geometry": {
        "type": "Point",
        "coordinates": [
          -49.247753802700636,
          -16.7078918884053
        ]
      },
      "properties": {
        "OBJECTID": 2271,
        "id": "042000685291",
        "nrlote": " ",
        "cdespecie": 166,
        "inidade": "J",
        "inporte": "B",
        "incondarv": "1",
        "indiamcopa": "0,20",
        "poda": " ",
        "inpodalp": "-",
        "inpodalc": "-",
        "inpodapu": "-",
        "inpodapl": "-",
        "inpodarc": "-",
        "inpodasp": "SP",
        "inasppai": "BO",
        "inalttens": "N",
        "inbaitens": "N",
        "intelefone": "N",
        "inilumina": "N",
        "inoutras": "-",
        "incap": "<0,17",
        "incodfus": "BO",
        "indistlote": "4,10",
        "indistedif": "8,00",
        "indistmfio": "2,00",
        "incondraiz": "BO",
        "ininterfte": "N",
        "ininterfsa": "N",
        "ininterfca": "N",
        "ininterfas": "N",
        "ininterfmf": "N",
        "ininterfbh": "-",
        "inalinha": "S",
        "necessidad": " ",
        "inrt": "-",
        "inpt": "-",
        "inpm": "-",
        "inpl": "-",
        "inrd": "-",
        "incp": "-",
        "incd": "-",
        "inaf": "-",
        "inst": "ST",
        "inri": "-",
        "inrf": " ",
        "inpf": "-",
        "intu": "-",
        "inobs": "-",
        "dtlevanta": "02/09/99",
        "id_lot": "000100157810",
        "id_qdr": "000200019910",
        "id_mfi": " ",
        "id_seg": "000300029810",
        "distance": 3173.74,
        "idlocal": "C",
        "cdtparvore": 101,
        "porte": "G",
        "idade": "A",
        "cap": 130,
        "fuste_cond": "P",
        "dist_ccivi": 4.19999981,
        "dpc": 6.19999981,
        "copa_condi": "G",
        "tipo_poda": "SL",
        "asp_paisag": "P",
        "eqp_rat": "N",
        "eqp_rbt": "A",
        "eqp_fiasec": "N",
        "eqp_telefo": "A",
        "eqp_transi": "N",
        "eqp_ilumin": "N",
        "raiz_condi": "B",
        "eqp_agua": " ",
        "eqp_esgoto": " ",
        "eqp_calcad": "I",
        "eqp_meiofi": "I",
        "cdoutr_int": "L",
        "observacao": " ",
        "instatus": "V",
        "dtplantio": null,
        "dtcadastro": 841363200000,
        "dtatualiza": null,
        "plano_oper": 2,
        "nrquadra": "31",
        "larg_rua": 10,
        "larg_calca": 4.69999981,
        "cdbairro": 1,
        "cdlogradou": 9454,
        "cdind1": " ",
        "dsind1": " ",
        "cdind2": " ",
        "dsind2": " ",
        "cdind3": " ",
        "dsind3": " ",
        "cdind4": " ",
        "dsind4": " ",
        "cdind5": " ",
        "dsind5": " ",
        "nm": "166",
        "x_coord": 686825.754316,
        "y_coord": 8151937.46923,
        "created_user": null,
        "created_date": null,
        "last_edited_user": null,
        "last_edited_date": null
      }
    },
    {
      "type": "Feature",
      "id": 8836,
      "geometry": {
        "type": "Point",
        "coordinates": [
          -49.28776929870123,
          -16.720970647537186
        ]
      },
      "properties": {
        "OBJECTID": 8836,
        "id": "042000892149",
        "nrlote": " ",
        "cdespecie": 166,
        "inidade": "A",
        "inporte": "A",
        "incondarv": "1",
        "indiamcopa": "4,00",
        "poda": " ",
        "inpodalp": "-",
        "inpodalc": "-",
        "inpodapu": "-",
        "inpodapl": "PL",
        "inpodarc": "-",
        "inpodasp": "-",
        "inasppai": "BO",
        "inalttens": "N",
        "inbaitens": "N",
        "intelefone": "N",
        "inilumina": "N",
        "inoutras": "1",
        "incap": "0,40",
        "incodfus": "BO",
        "indistlote": "2,00",
        "indistedif": "8,00",
        "indistmfio": "1,50",
        "incondraiz": "BO",
        "ininterfte": "N",
        "ininterfsa": "N",
        "ininterfca": "S",
        "ininterfas": "N",
        "ininterfmf": "N",
        "ininterfbh": "-",
        "inalinha": "S",
        "necessidad": " ",
        "inrt": "-",
        "inpt": "-",
        "inpm": "-",
        "inpl": "PL",
        "inrd": "RD",
        "incp": "-",
        "incd": "-",
        "inaf": "-",
        "inst": "-",
        "inri": "-",
        "inrf": " ",
        "inpf": "-",
        "intu": "-",
        "inobs": "-",
        "dtlevanta": "29/09/99",
        "id_lot": "000100323413",
        "id_qdr": "000200019213",
        "id_mfi": " ",
        "id_seg": "000300010613",
        "distance": 5276.246,
        "idlocal": " ",
        "cdtparvore": 0,
        "porte": " ",
        "idade": " ",
        "cap": 0,
        "fuste_cond": " ",
        "dist_ccivi": 0,
        "dpc": 0,
        "copa_condi": " ",
        "tipo_poda": " ",
        "asp_paisag": " ",
        "eqp_rat": " ",
        "eqp_rbt": " ",
        "eqp_fiasec": " ",
        "eqp_telefo": " ",
        "eqp_transi": " ",
        "eqp_ilumin": " ",
        "raiz_condi": " ",
        "eqp_agua": " ",
        "eqp_esgoto": " ",
        "eqp_calcad": " ",
        "eqp_meiofi": " ",
        "cdoutr_int": " ",
        "observacao": " ",
        "instatus": " ",
        "dtplantio": null,
        "dtcadastro": null,
        "dtatualiza": null,
        "plano_oper": 0,
        "nrquadra": " ",
        "larg_rua": 0,
        "larg_calca": 0,
        "cdbairro": 0,
        "cdlogradou": 0,
        "cdind1": " ",
        "dsind1": " ",
        "cdind2": " ",
        "dsind2": " ",
        "cdind3": " ",
        "dsind3": " ",
        "cdind4": " ",
        "dsind4": " ",
        "cdind5": " ",
        "dsind5": " ",
        "nm": "166",
        "x_coord": 682545.750042,
        "y_coord": 8150527.23327,
        "created_user": null,
        "created_date": null,
        "last_edited_user": null,
        "last_edited_date": null
      }
    },
    {
      "type": "Feature",
      "id": 12257,
      "geometry": {
        "type": "Point",
        "coordinates": [
          -49.28175732666365,
          -16.71216589250685
        ]
      },
      "properties": {
        "OBJECTID": 12257,
        "id": "042000871664",
        "nrlote": " ",
        "cdespecie": 166,
        "inidade": "J",
        "inporte": "B",
        "incondarv": "1",
        "indiamcopa": "1,20",
        "poda": " ",
        "inpodalp": "-",
        "inpodalc": "-",
        "inpodapu": "-",
        "inpodapl": "-",
        "inpodarc": "-",
        "inpodasp": "SP",
        "inasppai": "BO",
        "inalttens": "N",
        "inbaitens": "N",
        "intelefone": "N",
        "inilumina": "N",
        "inoutras": "-",
        "incap": "<0,17",
        "incodfus": "BO",
        "indistlote": "3,00",
        "indistedif": "7,00",
        "indistmfio": "2,30",
        "incondraiz": "BO",
        "ininterfte": "N",
        "ininterfsa": "N",
        "ininterfca": "N",
        "ininterfas": "N",
        "ininterfmf": "N",
        "ininterfbh": "-",
        "inalinha": "S",
        "necessidad": " ",
        "inrt": "-",
        "inpt": "-",
        "inpm": "-",
        "inpl": "-",
        "inrd": "-",
        "incp": "-",
        "incd": "-",
        "inaf": "-",
        "inst": "ST",
        "inri": "-",
        "inrf": " ",
        "inpf": "-",
        "intu": "-",
        "inobs": "-",
        "dtlevanta": "27/09/99",
        "id_lot": "000100206113",
        "id_qdr": "000200010113",
        "id_mfi": " ",
        "id_seg": "000300061713",
        "distance": 4109.875,
        "idlocal": " ",
        "cdtparvore": 0,
        "porte": " ",
        "idade": " ",
        "cap": 0,
        "fuste_cond": " ",
        "dist_ccivi": 0,
        "dpc": 0,
        "copa_condi": " ",
        "tipo_poda": " ",
        "asp_paisag": " ",
        "eqp_rat": " ",
        "eqp_rbt": " ",
        "eqp_fiasec": " ",
        "eqp_telefo": " ",
        "eqp_transi": " ",
        "eqp_ilumin": " ",
        "raiz_condi": " ",
        "eqp_agua": " ",
        "eqp_esgoto": " ",
        "eqp_calcad": " ",
        "eqp_meiofi": " ",
        "cdoutr_int": " ",
        "observacao": " ",
        "instatus": " ",
        "dtplantio": null,
        "dtcadastro": null,
        "dtatualiza": null,
        "plano_oper": 0,
        "nrquadra": " ",
        "larg_rua": 0,
        "larg_calca": 0,
        "cdbairro": 0,
        "cdlogradou": 0,
        "cdind1": " ",
        "dsind1": " ",
        "cdind2": " ",
        "dsind2": " ",
        "cdind3": " ",
        "dsind3": " ",
        "cdind4": " ",
        "dsind4": " ",
        "cdind5": " ",
        "dsind5": " ",
        "nm": "166",
        "x_coord": 683195.271924,
        "y_coord": 8151496.07676,
        "created_user": null,
        "created_date": null,
        "last_edited_user": null,
        "last_edited_date": null
      }
    },
    {
      "type": "Feature",
      "id": 26741,
      "geometry": {
        "type": "Point",
        "coordinates": [
          -49.26337544647699,
          -16.657513124976234
        ]
      },
      "properties": {
        "OBJECTID": 26741,
        "id": "042001095447",
        "nrlote": " ",
        "cdespecie": 166,
        "inidade": "A",
        "inporte": "M",
        "incondarv": "1",
        "indiamcopa": "7,90",
        "poda": " ",
        "inpodalp": "-",
        "inpodalc": "-",
        "inpodapu": "-",
        "inpodapl": "-",
        "inpodarc": "-",
        "inpodasp": "SP",
        "inasppai": "BO",
        "inalttens": "N",
        "inbaitens": "N",
        "intelefone": "N",
        "inilumina": "N",
        "inoutras": "1-15",
        "incap": "0,92",
        "incodfus": "BO",
        "indistlote": "1,40",
        "indistedif": "5,00",
        "indistmfio": "0,80",
        "incondraiz": "BO",
        "ininterfte": "N",
        "ininterfsa": "N",
        "ininterfca": "S",
        "ininterfas": "N",
        "ininterfmf": "N",
        "ininterfbh": "-",
        "inalinha": "S",
        "necessidad": " ",
        "inrt": "-",
        "inpt": "-",
        "inpm": "PM",
        "inpl": "-",
        "inrd": "-",
        "incp": "-",
        "incd": "-",
        "inaf": "AF",
        "inst": "-",
        "inri": "-",
        "inrf": " ",
        "inpf": "-",
        "intu": "-",
        "inobs": "-",
        "dtlevanta": "28/01/00",
        "id_lot": " ",
        "id_qdr": " ",
        "id_mfi": " ",
        "id_seg": " ",
        "distance": 795.654,
        "idlocal": " ",
        "cdtparvore": 0,
        "porte": " ",
        "idade": " ",
        "cap": 0,
        "fuste_cond": " ",
        "dist_ccivi": 0,
        "dpc": 0,
        "copa_condi": " ",
        "tipo_poda": " ",
        "asp_paisag": " ",
        "eqp_rat": " ",
        "eqp_rbt": " ",
        "eqp_fiasec": " ",
        "eqp_telefo": " ",
        "eqp_transi": " ",
        "eqp_ilumin": " ",
        "raiz_condi": " ",
        "eqp_agua": " ",
        "eqp_esgoto": " ",
        "eqp_calcad": " ",
        "eqp_meiofi": " ",
        "cdoutr_int": " ",
        "observacao": " ",
        "instatus": " ",
        "dtplantio": null,
        "dtcadastro": null,
        "dtatualiza": null,
        "plano_oper": 0,
        "nrquadra": " ",
        "larg_rua": 0,
        "larg_calca": 0,
        "cdbairro": 0,
        "cdlogradou": 0,
        "cdind1": " ",
        "dsind1": " ",
        "cdind2": " ",
        "dsind2": " ",
        "cdind3": " ",
        "dsind3": " ",
        "cdind4": " ",
        "dsind4": " ",
        "cdind5": " ",
        "dsind5": " ",
        "nm": "166",
        "x_coord": 685208.257539,
        "y_coord": 8157527.18778,
        "created_user": null,
        "created_date": null,
        "last_edited_user": null,
        "last_edited_date": null
      }
    },
    {
      "type": "Feature",
      "id": 29920,
      "geometry": {
        "type": "Point",
        "coordinates": [
          -49.263978981356466,
          -16.707278669136983
        ]
      },
      "properties": {
        "OBJECTID": 29920,
        "id": "042001176382",
        "nrlote": " ",
        "cdespecie": 166,
        "inidade": "A",
        "inporte": "A",
        "incondarv": "1",
        "indiamcopa": "8,50",
        "poda": " ",
        "inpodalp": "-",
        "inpodalc": "-",
        "inpodapu": "-",
        "inpodapl": "-",
        "inpodarc": "-",
        "inpodasp": "SP",
        "inasppai": "BO",
        "inalttens": "N",
        "inbaitens": "N",
        "intelefone": "N",
        "inilumina": "N",
        "inoutras": "-",
        "incap": "0,60",
        "incodfus": "BO",
        "indistlote": "-",
        "indistedif": "-",
        "indistmfio": "3,00",
        "incondraiz": "BO",
        "ininterfte": "N",
        "ininterfsa": "N",
        "ininterfca": "N",
        "ininterfas": "N",
        "ininterfmf": "N",
        "ininterfbh": "-",
        "inalinha": "S",
        "necessidad": " ",
        "inrt": "-",
        "inpt": "-",
        "inpm": "-",
        "inpl": "PL",
        "inrd": "-",
        "incp": "-",
        "incd": "-",
        "inaf": "-",
        "inst": "-",
        "inri": "-",
        "inrf": " ",
        "inpf": "-",
        "intu": "-",
        "inobs": "-",
        "dtlevanta": "23/12/99",
        "id_lot": " ",
        "id_qdr": "111111111111",
        "id_mfi": " ",
        "id_seg": "000300057603",
        "distance": 2885.052,
        "idlocal": "C",
        "cdtparvore": 101,
        "porte": "G",
        "idade": "A",
        "cap": 143,
        "fuste_cond": "B",
        "dist_ccivi": 4.19999981,
        "dpc": 7.69999981,
        "copa_condi": "B",
        "tipo_poda": "SR",
        "asp_paisag": "B",
        "eqp_rat": "N",
        "eqp_rbt": "A",
        "eqp_fiasec": "N",
        "eqp_telefo": "A",
        "eqp_transi": "N",
        "eqp_ilumin": "N",
        "raiz_condi": "B",
        "eqp_agua": " ",
        "eqp_esgoto": " ",
        "eqp_calcad": "I",
        "eqp_meiofi": "I",
        "cdoutr_int": " ",
        "observacao": " PATRIMONIO HISTORICO",
        "instatus": "V",
        "dtplantio": null,
        "dtcadastro": 841190400000,
        "dtatualiza": null,
        "plano_oper": 2,
        "nrquadra": "47",
        "larg_rua": 25.70000076,
        "larg_calca": 4.9000001,
        "cdbairro": 1,
        "cdlogradou": 772,
        "cdind1": " ",
        "dsind1": " ",
        "cdind2": " ",
        "dsind2": " ",
        "cdind3": " ",
        "dsind3": " ",
        "cdind4": " ",
        "dsind4": " ",
        "cdind5": " ",
        "dsind5": " ",
        "nm": "166",
        "x_coord": 685095.958349,
        "y_coord": 8152020.47906,
        "created_user": null,
        "created_date": null,
        "last_edited_user": null,
        "last_edited_date": null
      }
    },
    {
      "type": "Feature",
      "id": 214,
      "geometry": {
        "type": "Point",
        "coordinates": [
          -49.26203007328956,
          -16.716047423828652
        ]
      },
      "properties": {
        "OBJECTID": 214,
        "id": "042000725323",
        "nrlote": " ",
        "cdespecie": 175,
        "inidade": "J",
        "inporte": "M",
        "incondarv": "2",
        "indiamcopa": "2,20",
        "poda": " ",
        "inpodalp": "-",
        "inpodalc": "-",
        "inpodapu": "-",
        "inpodapl": "-",
        "inpodarc": "-",
        "inpodasp": "SP",
        "inasppai": "RE",
        "inalttens": "N",
        "inbaitens": "N",
        "intelefone": "N",
        "inilumina": "N",
        "inoutras": "-",
        "incap": "0,15",
        "incodfus": "BO",
        "indistlote": "1,50",
        "indistedif": "6,00",
        "indistmfio": "4,50",
        "incondraiz": "BO",
        "ininterfte": "N",
        "ininterfsa": "N",
        "ininterfca": "N",
        "ininterfas": "N",
        "ininterfmf": "N",
        "ininterfbh": "-",
        "inalinha": "N",
        "necessidad": " ",
        "inrt": "-",
        "inpt": "-",
        "inpm": "-",
        "inpl": "-",
        "inrd": "-",
        "incp": "-",
        "incd": "-",
        "inaf": "-",
        "inst": "ST",
        "inri": "-",
        "inrf": " ",
        "inpf": "-",
        "intu": "-",
        "inobs": "12",
        "dtlevanta": "10/09/99",
        "id_lot": "000100244911",
        "id_qdr": "000200014311",
        "id_mfi": " ",
        "id_seg": "000300031811",
        "distance": 3829.002,
        "idlocal": "C",
        "cdtparvore": 101,
        "porte": "G",
        "idade": "A",
        "cap": 143,
        "fuste_cond": "B",
        "dist_ccivi": 4.19999981,
        "dpc": 7.69999981,
        "copa_condi": "B",
        "tipo_poda": "SR",
        "asp_paisag": "B",
        "eqp_rat": "N",
        "eqp_rbt": "A",
        "eqp_fiasec": "N",
        "eqp_telefo": "A",
        "eqp_transi": "N",
        "eqp_ilumin": "N",
        "raiz_condi": "B",
        "eqp_agua": " ",
        "eqp_esgoto": " ",
        "eqp_calcad": "I",
        "eqp_meiofi": "I",
        "cdoutr_int": " ",
        "observacao": " PATRIMONIO HISTORICO",
        "instatus": "V",
        "dtplantio": null,
        "dtcadastro": 841190400000,
        "dtatualiza": null,
        "plano_oper": 2,
        "nrquadra": "47",
        "larg_rua": 25.70000076,
        "larg_calca": 4.9000001,
        "cdbairro": 1,
        "cdlogradou": 772,
        "cdind1": " ",
        "dsind1": " ",
        "cdind2": " ",
        "dsind2": " ",
        "cdind3": " ",
        "dsind3": " ",
        "cdind4": " ",
        "dsind4": " ",
        "cdind5": " ",
        "dsind5": " ",
        "nm": "175",
        "x_coord": 685295.339082,
        "y_coord": 8151048.27581,
        "created_user": null,
        "created_date": null,
        "last_edited_user": null,
        "last_edited_date": null
      }
    },
    {
      "type": "Feature",
      "id": 975,
      "geometry": {
        "type": "Point",
        "coordinates": [
          -49.2586548996932,
          -16.71845420710714
        ]
      },
      "properties": {
        "OBJECTID": 975,
        "id": "042000670480",
        "nrlote": " ",
        "cdespecie": 175,
        "inidade": "A",
        "inporte": "M",
        "incondarv": "2",
        "indiamcopa": "3,70",
        "poda": " ",
        "inpodalp": "-",
        "inpodalc": "-",
        "inpodapu": "-",
        "inpodapl": "-",
        "inpodarc": "-",
        "inpodasp": "SP",
        "inasppai": "BO",
        "inalttens": "N",
        "inbaitens": "N",
        "intelefone": "N",
        "inilumina": "N",
        "inoutras": "-",
        "incap": "0,20",
        "incodfus": "BO",
        "indistlote": "7,20",
        "indistedif": "7,20",
        "indistmfio": "2,30",
        "incondraiz": "BO",
        "ininterfte": "N",
        "ininterfsa": "N",
        "ininterfca": "N",
        "ininterfas": "N",
        "ininterfmf": "N",
        "ininterfbh": "-",
        "inalinha": "N",
        "necessidad": " ",
        "inrt": "-",
        "inpt": "-",
        "inpm": "-",
        "inpl": "-",
        "inrd": "-",
        "incp": "-",
        "incd": "CD",
        "inaf": "-",
        "inst": "-",
        "inri": "-",
        "inrf": " ",
        "inpf": "-",
        "intu": "-",
        "inobs": "2,18",
        "dtlevanta": "13/09/99",
        "id_lot": "000100220611",
        "id_qdr": "000200013411",
        "id_mfi": " ",
        "id_seg": "000300059710",
        "distance": 4090.544,
        "idlocal": "C",
        "cdtparvore": 101,
        "porte": "G",
        "idade": "A",
        "cap": 143,
        "fuste_cond": "B",
        "dist_ccivi": 4.19999981,
        "dpc": 7.69999981,
        "copa_condi": "B",
        "tipo_poda": "SR",
        "asp_paisag": "B",
        "eqp_rat": "N",
        "eqp_rbt": "A",
        "eqp_fiasec": "N",
        "eqp_telefo": "A",
        "eqp_transi": "N",
        "eqp_ilumin": "N",
        "raiz_condi": "B",
        "eqp_agua": " ",
        "eqp_esgoto": " ",
        "eqp_calcad": "I",
        "eqp_meiofi": "I",
        "cdoutr_int": " ",
        "observacao": " PATRIMONIO HISTORICO",
        "instatus": "V",
        "dtplantio": null,
        "dtcadastro": 841190400000,
        "dtatualiza": null,
        "plano_oper": 2,
        "nrquadra": "47",
        "larg_rua": 25.70000076,
        "larg_calca": 4.9000001,
        "cdbairro": 1,
        "cdlogradou": 772,
        "cdind1": " ",
        "dsind1": " ",
        "cdind2": " ",
        "dsind2": " ",
        "cdind3": " ",
        "dsind3": " ",
        "cdind4": " ",
        "dsind4": " ",
        "cdind5": " ",
        "dsind5": " ",
        "nm": "175",
        "x_coord": 685652.950283,
        "y_coord": 8150778.785,
        "created_user": null,
        "created_date": null,
        "last_edited_user": null,
        "last_edited_date": null
      }
    },
    {
      "type": "Feature",
      "id": 2161,
      "geometry": {
        "type": "Point",
        "coordinates": [
          -49.2720295398776,
          -16.719138317398293
        ]
      },
      "properties": {
        "OBJECTID": 2161,
        "id": "042000771015",
        "nrlote": " ",
        "cdespecie": 175,
        "inidade": "J",
        "inporte": "B",
        "incondarv": "1",
        "indiamcopa": "0,50",
        "poda": " ",
        "inpodalp": "-",
        "inpodalc": "-",
        "inpodapu": "-",
        "inpodapl": "-",
        "inpodarc": "-",
        "inpodasp": "SP",
        "inasppai": "BO",
        "inalttens": "N",
        "inbaitens": "N",
        "intelefone": "N",
        "inilumina": "N",
        "inoutras": "-",
        "incap": "0,10",
        "incodfus": "BO",
        "indistlote": "-",
        "indistedif": "-",
        "indistmfio": "-",
        "incondraiz": "BO",
        "ininterfte": "N",
        "ininterfsa": "N",
        "ininterfca": "N",
        "ininterfas": "N",
        "ininterfmf": "N",
        "ininterfbh": "-",
        "inalinha": "N",
        "necessidad": " ",
        "inrt": "-",
        "inpt": "-",
        "inpm": "-",
        "inpl": "-",
        "inrd": "-",
        "incp": "-",
        "incd": "-",
        "inaf": "-",
        "inst": "ST",
        "inri": "-",
        "inrf": " ",
        "inpf": "-",
        "intu": "-",
        "inobs": "-",
        "dtlevanta": "14/09/99",
        "id_lot": " ",
        "id_qdr": "222222222223",
        "id_mfi": " ",
        "id_seg": "000300014611",
        "distance": 4361.223,
        "idlocal": "C",
        "cdtparvore": 101,
        "porte": "G",
        "idade": "A",
        "cap": 143,
        "fuste_cond": "B",
        "dist_ccivi": 4.19999981,
        "dpc": 7.69999981,
        "copa_condi": "B",
        "tipo_poda": "SR",
        "asp_paisag": "B",
        "eqp_rat": "N",
        "eqp_rbt": "A",
        "eqp_fiasec": "N",
        "eqp_telefo": "A",
        "eqp_transi": "N",
        "eqp_ilumin": "N",
        "raiz_condi": "B",
        "eqp_agua": " ",
        "eqp_esgoto": " ",
        "eqp_calcad": "I",
        "eqp_meiofi": "I",
        "cdoutr_int": " ",
        "observacao": " PATRIMONIO HISTORICO",
        "instatus": "V",
        "dtplantio": null,
        "dtcadastro": 841190400000,
        "dtatualiza": null,
        "plano_oper": 2,
        "nrquadra": "47",
        "larg_rua": 25.70000076,
        "larg_calca": 4.9000001,
        "cdbairro": 1,
        "cdlogradou": 772,
        "cdind1": " ",
        "dsind1": " ",
        "cdind2": " ",
        "dsind2": " ",
        "cdind3": " ",
        "dsind3": " ",
        "cdind4": " ",
        "dsind4": " ",
        "cdind5": " ",
        "dsind5": " ",
        "nm": "175",
        "x_coord": 684225.99555,
        "y_coord": 8150715.50439,
        "created_user": null,
        "created_date": null,
        "last_edited_user": null,
        "last_edited_date": null
      }
    },
    {
      "type": "Feature",
      "id": 2183,
      "geometry": {
        "type": "Point",
        "coordinates": [
          -49.27234519839864,
          -16.718480127444327
        ]
      },
      "properties": {
        "OBJECTID": 2183,
        "id": "042000771406",
        "nrlote": " ",
        "cdespecie": 175,
        "inidade": "J",
        "inporte": "B",
        "incondarv": "1",
        "indiamcopa": "1,10",
        "poda": " ",
        "inpodalp": "-",
        "inpodalc": "-",
        "inpodapu": "-",
        "inpodapl": "-",
        "inpodarc": "-",
        "inpodasp": "SP",
        "inasppai": "BO",
        "inalttens": "N",
        "inbaitens": "N",
        "intelefone": "N",
        "inilumina": "N",
        "inoutras": "-",
        "incap": "0,05",
        "incodfus": "BO",
        "indistlote": "-",
        "indistedif": "-",
        "indistmfio": "-",
        "incondraiz": "BO",
        "ininterfte": "N",
        "ininterfsa": "N",
        "ininterfca": "N",
        "ininterfas": "N",
        "ininterfmf": "N",
        "ininterfbh": "-",
        "inalinha": "N",
        "necessidad": " ",
        "inrt": "-",
        "inpt": "-",
        "inpm": "-",
        "inpl": "-",
        "inrd": "-",
        "incp": "-",
        "incd": "-",
        "inaf": "-",
        "inst": "-",
        "inri": "-",
        "inrf": " ",
        "inpf": "-",
        "intu": "TU",
        "inobs": "-",
        "dtlevanta": "14/09/99",
        "id_lot": " ",
        "id_qdr": "222222222223",
        "id_mfi": " ",
        "id_seg": "000300014011",
        "distance": 4302.016,
        "idlocal": "C",
        "cdtparvore": 101,
        "porte": "G",
        "idade": "A",
        "cap": 143,
        "fuste_cond": "B",
        "dist_ccivi": 4.19999981,
        "dpc": 7.69999981,
        "copa_condi": "B",
        "tipo_poda": "SR",
        "asp_paisag": "B",
        "eqp_rat": "N",
        "eqp_rbt": "A",
        "eqp_fiasec": "N",
        "eqp_telefo": "A",
        "eqp_transi": "N",
        "eqp_ilumin": "N",
        "raiz_condi": "B",
        "eqp_agua": " ",
        "eqp_esgoto": " ",
        "eqp_calcad": "I",
        "eqp_meiofi": "I",
        "cdoutr_int": " ",
        "observacao": " PATRIMONIO HISTORICO",
        "instatus": "V",
        "dtplantio": null,
        "dtcadastro": 841190400000,
        "dtatualiza": null,
        "plano_oper": 2,
        "nrquadra": "47",
        "larg_rua": 25.70000076,
        "larg_calca": 4.9000001,
        "cdbairro": 1,
        "cdlogradou": 772,
        "cdind1": " ",
        "dsind1": " ",
        "cdind2": " ",
        "dsind2": " ",
        "cdind3": " ",
        "dsind3": " ",
        "cdind4": " ",
        "dsind4": " ",
        "cdind5": " ",
        "dsind5": " ",
        "nm": "175",
        "x_coord": 684192.965429,
        "y_coord": 8150788.63463,
        "created_user": null,
        "created_date": null,
        "last_edited_user": null,
        "last_edited_date": null
      }
    },
    {
      "type": "Feature",
      "id": 2193,
      "geometry": {
        "type": "Point",
        "coordinates": [
          -49.27357051768656,
          -16.71451996388781
        ]
      },
      "properties": {
        "OBJECTID": 2193,
        "id": "042000774642",
        "nrlote": " ",
        "cdespecie": 175,
        "inidade": "J",
        "inporte": "B",
        "incondarv": "1",
        "indiamcopa": "1,30",
        "poda": " ",
        "inpodalp": "-",
        "inpodalc": "-",
        "inpodapu": "-",
        "inpodapl": "-",
        "inpodarc": "-",
        "inpodasp": "SP",
        "inasppai": "BO",
        "inalttens": "N",
        "inbaitens": "N",
        "intelefone": "N",
        "inilumina": "N",
        "inoutras": "-",
        "incap": "0,09",
        "incodfus": "BO",
        "indistlote": "-",
        "indistedif": "-",
        "indistmfio": "-",
        "incondraiz": "BO",
        "ininterfte": "N",
        "ininterfsa": "N",
        "ininterfca": "N",
        "ininterfas": "N",
        "ininterfmf": "N",
        "ininterfbh": "-",
        "inalinha": "N",
        "necessidad": " ",
        "inrt": "-",
        "inpt": "-",
        "inpm": "-",
        "inpl": "-",
        "inrd": "-",
        "incp": "-",
        "incd": "-",
        "inaf": "-",
        "inst": "ST",
        "inri": "-",
        "inrf": " ",
        "inpf": "-",
        "intu": "-",
        "inobs": "-",
        "dtlevanta": "14/09/99",
        "id_lot": " ",
        "id_qdr": "222222222223",
        "id_mfi": " ",
        "id_seg": "000300010111",
        "distance": 3934.203,
        "idlocal": "C",
        "cdtparvore": 101,
        "porte": "G",
        "idade": "A",
        "cap": 143,
        "fuste_cond": "B",
        "dist_ccivi": 4.19999981,
        "dpc": 7.69999981,
        "copa_condi": "B",
        "tipo_poda": "SR",
        "asp_paisag": "B",
        "eqp_rat": "N",
        "eqp_rbt": "A",
        "eqp_fiasec": "N",
        "eqp_telefo": "A",
        "eqp_transi": "N",
        "eqp_ilumin": "N",
        "raiz_condi": "B",
        "eqp_agua": " ",
        "eqp_esgoto": " ",
        "eqp_calcad": "I",
        "eqp_meiofi": "I",
        "cdoutr_int": " ",
        "observacao": " PATRIMONIO HISTORICO",
        "instatus": "V",
        "dtplantio": null,
        "dtcadastro": 841190400000,
        "dtatualiza": null,
        "plano_oper": 2,
        "nrquadra": "47",
        "larg_rua": 25.70000076,
        "larg_calca": 4.9000001,
        "cdbairro": 1,
        "cdlogradou": 772,
        "cdind1": " ",
        "dsind1": " ",
        "cdind2": " ",
        "dsind2": " ",
        "cdind3": " ",
        "dsind3": " ",
        "cdind4": " ",
        "dsind4": " ",
        "cdind5": " ",
        "dsind5": " ",
        "nm": "175",
        "x_coord": 684066.09493,
        "y_coord": 8151228.01609,
        "created_user": null,
        "created_date": null,
        "last_edited_user": null,
        "last_edited_date": null
      }
    },
    {
      "type": "Feature",
      "id": 2199,
      "geometry": {
        "type": "Point",
        "coordinates": [
          -49.27455859290256,
          -16.714424297576382
        ]
      },
      "properties": {
        "OBJECTID": 2199,
        "id": "042000774898",
        "nrlote": " ",
        "cdespecie": 175,
        "inidade": "A",
        "inporte": "M",
        "incondarv": "1",
        "indiamcopa": "5,20",
        "poda": " ",
        "inpodalp": "-",
        "inpodalc": "LC",
        "inpodapu": "-",
        "inpodapl": "-",
        "inpodarc": "-",
        "inpodasp": "-",
        "inasppai": "BO",
        "inalttens": "N",
        "inbaitens": "N",
        "intelefone": "N",
        "inilumina": "N",
        "inoutras": "-",
        "incap": "0,40",
        "incodfus": "BO",
        "indistlote": "-",
        "indistedif": "-",
        "indistmfio": "-",
        "incondraiz": "BO",
        "ininterfte": "N",
        "ininterfsa": "N",
        "ininterfca": "N",
        "ininterfas": "N",
        "ininterfmf": "N",
        "ininterfbh": "-",
        "inalinha": "N",
        "necessidad": " ",
        "inrt": "-",
        "inpt": "-",
        "inpm": "-",
        "inpl": "-",
        "inrd": "-",
        "incp": "-",
        "incd": "-",
        "inaf": "-",
        "inst": "ST",
        "inri": "-",
        "inrf": " ",
        "inpf": "-",
        "intu": "-",
        "inobs": "12",
        "dtlevanta": "14/09/99",
        "id_lot": " ",
        "id_qdr": "222222222223",
        "id_mfi": " ",
        "id_seg": "000300010111",
        "distance": 3964.801,
        "idlocal": "C",
        "cdtparvore": 101,
        "porte": "G",
        "idade": "A",
        "cap": 143,
        "fuste_cond": "B",
        "dist_ccivi": 4.19999981,
        "dpc": 7.69999981,
        "copa_condi": "B",
        "tipo_poda": "SR",
        "asp_paisag": "B",
        "eqp_rat": "N",
        "eqp_rbt": "A",
        "eqp_fiasec": "N",
        "eqp_telefo": "A",
        "eqp_transi": "N",
        "eqp_ilumin": "N",
        "raiz_condi": "B",
        "eqp_agua": " ",
        "eqp_esgoto": " ",
        "eqp_calcad": "I",
        "eqp_meiofi": "I",
        "cdoutr_int": " ",
        "observacao": " PATRIMONIO HISTORICO",
        "instatus": "V",
        "dtplantio": null,
        "dtcadastro": 841190400000,
        "dtatualiza": null,
        "plano_oper": 2,
        "nrquadra": "47",
        "larg_rua": 25.70000076,
        "larg_calca": 4.9000001,
        "cdbairro": 1,
        "cdlogradou": 772,
        "cdind1": " ",
        "dsind1": " ",
        "cdind2": " ",
        "dsind2": " ",
        "cdind3": " ",
        "dsind3": " ",
        "cdind4": " ",
        "dsind4": " ",
        "cdind5": " ",
        "dsind5": " ",
        "nm": "175",
        "x_coord": 683960.814573,
        "y_coord": 8151239.5161,
        "created_user": null,
        "created_date": null,
        "last_edited_user": null,
        "last_edited_date": null
      }
    },
    {
      "type": "Feature",
      "id": 2407,
      "geometry": {
        "type": "Point",
        "coordinates": [
          -49.25163500800624,
          -16.704160226071522
        ]
      },
      "properties": {
        "OBJECTID": 2407,
        "id": "042000683027",
        "nrlote": " ",
        "cdespecie": 176,
        "inidade": "A",
        "inporte": "A",
        "incondarv": "1",
        "indiamcopa": "5,30",
        "poda": " ",
        "inpodalp": "LP",
        "inpodalc": "-",
        "inpodapu": "-",
        "inpodapl": "-",
        "inpodarc": "-",
        "inpodasp": "-",
        "inasppai": "BO",
        "inalttens": "N",
        "inbaitens": "N",
        "intelefone": "N",
        "inilumina": "N",
        "inoutras": "-",
        "incap": "0,45",
        "incodfus": "BO",
        "indistlote": "2,60",
        "indistedif": "4,00",
        "indistmfio": "2,30",
        "incondraiz": "BO",
        "ininterfte": "N",
        "ininterfsa": "N",
        "ininterfca": "N",
        "ininterfas": "N",
        "ininterfmf": "N",
        "ininterfbh": "-",
        "inalinha": "S",
        "necessidad": " ",
        "inrt": "-",
        "inpt": "-",
        "inpm": "-",
        "inpl": "PL",
        "inrd": "-",
        "incp": "-",
        "incd": "-",
        "inaf": "-",
        "inst": "-",
        "inri": "-",
        "inrf": " ",
        "inpf": "-",
        "intu": "-",
        "inobs": "-",
        "dtlevanta": "01/09/99",
        "id_lot": "000100223310",
        "id_qdr": "000200012710",
        "id_mfi": " ",
        "id_seg": "000300041310",
        "distance": 2652.074,
        "idlocal": "C",
        "cdtparvore": 101,
        "porte": "G",
        "idade": "A",
        "cap": 105,
        "fuste_cond": "B",
        "dist_ccivi": 4.9000001,
        "dpc": 11.5,
        "copa_condi": "B",
        "tipo_poda": "SR",
        "asp_paisag": "R",
        "eqp_rat": "V",
        "eqp_rbt": "A",
        "eqp_fiasec": "N",
        "eqp_telefo": "A",
        "eqp_transi": "N",
        "eqp_ilumin": "N",
        "raiz_condi": "R",
        "eqp_agua": " ",
        "eqp_esgoto": " ",
        "eqp_calcad": "V",
        "eqp_meiofi": "V",
        "cdoutr_int": " ",
        "observacao": "  PATRIMONIO HISTORICO",
        "instatus": "V",
        "dtplantio": null,
        "dtcadastro": 841190400000,
        "dtatualiza": null,
        "plano_oper": 2,
        "nrquadra": "47",
        "larg_rua": 25.70000076,
        "larg_calca": 4.9000001,
        "cdbairro": 1,
        "cdlogradou": 772,
        "cdind1": " ",
        "dsind1": " ",
        "cdind2": " ",
        "dsind2": " ",
        "cdind3": " ",
        "dsind3": " ",
        "cdind4": " ",
        "dsind4": " ",
        "cdind5": " ",
        "dsind5": " ",
        "nm": "176",
        "x_coord": 686415.452932,
        "y_coord": 8152354.07053,
        "created_user": null,
        "created_date": null,
        "last_edited_user": null,
        "last_edited_date": null
      }
    },
    {
      "type": "Feature",
      "id": 2408,
      "geometry": {
        "type": "Point",
        "coordinates": [
          -49.251712265251555,
          -16.704253410725844
        ]
      },
      "properties": {
        "OBJECTID": 2408,
        "id": "042000682993",
        "nrlote": " ",
        "cdespecie": 176,
        "inidade": "A",
        "inporte": "A",
        "incondarv": "1",
        "indiamcopa": "5,10",
        "poda": " ",
        "inpodalp": "LP",
        "inpodalc": "-",
        "inpodapu": "-",
        "inpodapl": "-",
        "inpodarc": "-",
        "inpodasp": "-",
        "inasppai": "BO",
        "inalttens": "N",
        "inbaitens": "N",
        "intelefone": "N",
        "inilumina": "N",
        "inoutras": "-",
        "incap": "0,50",
        "incodfus": "BO",
        "indistlote": "2,90",
        "indistedif": "4,00",
        "indistmfio": "2,00",
        "incondraiz": "BO",
        "ininterfte": "N",
        "ininterfsa": "N",
        "ininterfca": "N",
        "ininterfas": "N",
        "ininterfmf": "N",
        "ininterfbh": "-",
        "inalinha": "S",
        "necessidad": " ",
        "inrt": "-",
        "inpt": "-",
        "inpm": "-",
        "inpl": "PL",
        "inrd": "-",
        "incp": "-",
        "incd": "-",
        "inaf": "-",
        "inst": "-",
        "inri": "-",
        "inrf": " ",
        "inpf": "-",
        "intu": "-",
        "inobs": "-",
        "dtlevanta": "01/09/99",
        "id_lot": "000100223310",
        "id_qdr": "000200012710",
        "id_mfi": " ",
        "id_seg": "000300041310",
        "distance": 2659.453,
        "idlocal": "C",
        "cdtparvore": 101,
        "porte": "G",
        "idade": "A",
        "cap": 105,
        "fuste_cond": "B",
        "dist_ccivi": 4.9000001,
        "dpc": 11.5,
        "copa_condi": "B",
        "tipo_poda": "SR",
        "asp_paisag": "R",
        "eqp_rat": "V",
        "eqp_rbt": "A",
        "eqp_fiasec": "N",
        "eqp_telefo": "A",
        "eqp_transi": "N",
        "eqp_ilumin": "N",
        "raiz_condi": "R",
        "eqp_agua": " ",
        "eqp_esgoto": " ",
        "eqp_calcad": "V",
        "eqp_meiofi": "V",
        "cdoutr_int": " ",
        "observacao": "  PATRIMONIO HISTORICO",
        "instatus": "V",
        "dtplantio": null,
        "dtcadastro": 841190400000,
        "dtatualiza": null,
        "plano_oper": 2,
        "nrquadra": "47",
        "larg_rua": 25.70000076,
        "larg_calca": 4.9000001,
        "cdbairro": 1,
        "cdlogradou": 772,
        "cdind1": " ",
        "dsind1": " ",
        "cdind2": " ",
        "dsind2": " ",
        "cdind3": " ",
        "dsind3": " ",
        "cdind4": " ",
        "dsind4": " ",
        "cdind5": " ",
        "dsind5": " ",
        "nm": "176",
        "x_coord": 686407.122902,
        "y_coord": 8152343.8305,
        "created_user": null,
        "created_date": null,
        "last_edited_user": null,
        "last_edited_date": null
      }
    },
    {
      "type": "Feature",
      "id": 33129,
      "geometry": {
        "type": "Point",
        "coordinates": [
          -49.25172475139711,
          -16.704241407690546
        ]
      },
      "properties": {
        "OBJECTID": 33129,
        "id": "042000683000",
        "nrlote": " ",
        "cdespecie": 176,
        "inidade": "A",
        "inporte": "A",
        "incondarv": "1",
        "indiamcopa": "2,50",
        "poda": " ",
        "inpodalp": "LP",
        "inpodalc": "-",
        "inpodapu": "-",
        "inpodapl": "-",
        "inpodarc": "-",
        "inpodasp": "-",
        "inasppai": "BO",
        "inalttens": "N",
        "inbaitens": "N",
        "intelefone": "N",
        "inilumina": "N",
        "inoutras": "-",
        "incap": "0,25",
        "incodfus": "BO",
        "indistlote": "3,40",
        "indistedif": "4,00",
        "indistmfio": "1,60",
        "incondraiz": "BO",
        "ininterfte": "N",
        "ininterfsa": "N",
        "ininterfca": "N",
        "ininterfas": "N",
        "ininterfmf": "N",
        "ininterfbh": "-",
        "inalinha": "S",
        "necessidad": " ",
        "inrt": "-",
        "inpt": "-",
        "inpm": "-",
        "inpl": "PL",
        "inrd": "-",
        "incp": "-",
        "incd": "-",
        "inaf": "-",
        "inst": "-",
        "inri": "-",
        "inrf": " ",
        "inpf": "-",
        "intu": "-",
        "inobs": "-",
        "dtlevanta": "01/09/99",
        "id_lot": "000100223310",
        "id_qdr": "000200012710",
        "id_mfi": " ",
        "id_seg": "000300041310",
        "distance": 2657.79,
        "idlocal": "C",
        "cdtparvore": 101,
        "porte": "G",
        "idade": "A",
        "cap": 105,
        "fuste_cond": "B",
        "dist_ccivi": 4.9000001,
        "dpc": 11.5,
        "copa_condi": "B",
        "tipo_poda": "SR",
        "asp_paisag": "R",
        "eqp_rat": "V",
        "eqp_rbt": "A",
        "eqp_fiasec": "N",
        "eqp_telefo": "A",
        "eqp_transi": "N",
        "eqp_ilumin": "N",
        "raiz_condi": "R",
        "eqp_agua": " ",
        "eqp_esgoto": " ",
        "eqp_calcad": "V",
        "eqp_meiofi": "V",
        "cdoutr_int": " ",
        "observacao": "  PATRIMONIO HISTORICO",
        "instatus": "V",
        "dtplantio": null,
        "dtcadastro": 841190400000,
        "dtatualiza": null,
        "plano_oper": 2,
        "nrquadra": "47",
        "larg_rua": 25.70000076,
        "larg_calca": 4.9000001,
        "cdbairro": 1,
        "cdlogradou": 772,
        "cdind1": " ",
        "dsind1": " ",
        "cdind2": " ",
        "dsind2": " ",
        "cdind3": " ",
        "dsind3": " ",
        "cdind4": " ",
        "dsind4": " ",
        "cdind5": " ",
        "dsind5": " ",
        "nm": "176",
        "x_coord": 686405.802897,
        "y_coord": 8152345.1705,
        "created_user": null,
        "created_date": null,
        "last_edited_user": null,
        "last_edited_date": null
      }
    },
    {
      "type": "Feature",
      "id": 33993,
      "geometry": {
        "type": "Point",
        "coordinates": [
          -49.24869671197497,
          -16.718703387640915
        ]
      },
      "properties": {
        "OBJECTID": 33993,
        "id": "042000742457",
        "nrlote": " ",
        "cdespecie": 176,
        "inidade": "J",
        "inporte": "M",
        "incondarv": "1",
        "indiamcopa": "1.25",
        "poda": " ",
        "inpodalp": "-",
        "inpodalc": "-",
        "inpodapu": "-",
        "inpodapl": "-",
        "inpodarc": "-",
        "inpodasp": "SP",
        "inasppai": "BO",
        "inalttens": "N",
        "inbaitens": "N",
        "intelefone": "N",
        "inilumina": "N",
        "inoutras": "-",
        "incap": "<0.17",
        "incodfus": "BO",
        "indistlote": "2.25",
        "indistedif": "6,00",
        "indistmfio": "2.40",
        "incondraiz": "BO",
        "ininterfte": "N",
        "ininterfsa": "N",
        "ininterfca": "N",
        "ininterfas": "N",
        "ininterfmf": "N",
        "ininterfbh": "-",
        "inalinha": "S",
        "necessidad": " ",
        "inrt": "-",
        "inpt": "-",
        "inpm": "-",
        "inpl": "PL",
        "inrd": "-",
        "incp": "-",
        "incd": "-",
        "inaf": "-",
        "inst": "-",
        "inri": "-",
        "inrf": " ",
        "inpf": "-",
        "intu": "-",
        "inobs": "-",
        "dtlevanta": "06/09/99",
        "id_lot": "000100304910",
        "id_qdr": "000200023310",
        "id_mfi": " ",
        "id_seg": "000300018910",
        "distance": 4284.807,
        "idlocal": "C",
        "cdtparvore": 101,
        "porte": "G",
        "idade": "A",
        "cap": 100,
        "fuste_cond": "B",
        "dist_ccivi": 4.19999981,
        "dpc": 6,
        "copa_condi": "G",
        "tipo_poda": "SR",
        "asp_paisag": "B",
        "eqp_rat": "N",
        "eqp_rbt": "V",
        "eqp_fiasec": "N",
        "eqp_telefo": "A",
        "eqp_transi": "N",
        "eqp_ilumin": "N",
        "raiz_condi": "B",
        "eqp_agua": " ",
        "eqp_esgoto": " ",
        "eqp_calcad": "I",
        "eqp_meiofi": "I",
        "cdoutr_int": " ",
        "observacao": " PATRIMONIO HISTORICO",
        "instatus": "V",
        "dtplantio": null,
        "dtcadastro": 841190400000,
        "dtatualiza": null,
        "plano_oper": 2,
        "nrquadra": "47",
        "larg_rua": 25.70000076,
        "larg_calca": 4.9000001,
        "cdbairro": 1,
        "cdlogradou": 772,
        "cdind1": " ",
        "dsind1": " ",
        "cdind2": " ",
        "dsind2": " ",
        "cdind3": " ",
        "dsind3": " ",
        "cdind4": " ",
        "dsind4": " ",
        "cdind5": " ",
        "dsind5": " ",
        "nm": "176",
        "x_coord": 686714.673808,
        "y_coord": 8150741.89517,
        "created_user": null,
        "created_date": null,
        "last_edited_user": null,
        "last_edited_date": null
      }
    },
    {
      "type": "Feature",
      "id": 77477,
      "geometry": {
        "type": "Point",
        "coordinates": [
          -49.25024675375313,
          -16.700215704979435
        ]
      },
      "properties": {
        "OBJECTID": 77477,
        "id": "042000457736",
        "nrlote": " ",
        "cdespecie": 176,
        "inidade": "A",
        "inporte": "A",
        "incondarv": "1",
        "indiamcopa": "5,40",
        "poda": " ",
        "inpodalp": "-",
        "inpodalc": "-",
        "inpodapu": "-",
        "inpodapl": "-",
        "inpodarc": "-",
        "inpodasp": "SP",
        "inasppai": "BO",
        "inalttens": "N",
        "inbaitens": "N",
        "intelefone": "N",
        "inilumina": "N",
        "inoutras": "14",
        "incap": "0,35",
        "incodfus": "BO",
        "indistlote": "1,70",
        "indistedif": "10,00",
        "indistmfio": "2,30",
        "incondraiz": "BO",
        "ininterfte": "N",
        "ininterfsa": "N",
        "ininterfca": "N",
        "ininterfas": "N",
        "ininterfmf": "N",
        "ininterfbh": "-",
        "inalinha": "N",
        "necessidad": " ",
        "inrt": "-",
        "inpt": "-",
        "inpm": "PM",
        "inpl": "-",
        "inrd": "RD",
        "incp": "-",
        "incd": "-",
        "inaf": "-",
        "inst": "-",
        "inri": "-",
        "inrf": " ",
        "inpf": "-",
        "intu": "-",
        "inobs": "4;8",
        "dtlevanta": "08/07/99",
        "id_lot": "000100163002",
        "id_qdr": "000200001802",
        "id_mfi": " ",
        "id_seg": "000300008702",
        "distance": 2286.951,
        "idlocal": "C",
        "cdtparvore": 101,
        "porte": "G",
        "idade": "A",
        "cap": 130,
        "fuste_cond": "P",
        "dist_ccivi": 4.19999981,
        "dpc": 6.19999981,
        "copa_condi": "G",
        "tipo_poda": "SL",
        "asp_paisag": "P",
        "eqp_rat": "N",
        "eqp_rbt": "A",
        "eqp_fiasec": "N",
        "eqp_telefo": "A",
        "eqp_transi": "N",
        "eqp_ilumin": "N",
        "raiz_condi": "B",
        "eqp_agua": " ",
        "eqp_esgoto": " ",
        "eqp_calcad": "I",
        "eqp_meiofi": "I",
        "cdoutr_int": "L",
        "observacao": " ",
        "instatus": "V",
        "dtplantio": null,
        "dtcadastro": 841363200000,
        "dtatualiza": null,
        "plano_oper": 2,
        "nrquadra": "31",
        "larg_rua": 10,
        "larg_calca": 4.69999981,
        "cdbairro": 1,
        "cdlogradou": 9454,
        "cdind1": " ",
        "dsind1": " ",
        "cdind2": " ",
        "dsind2": " ",
        "cdind3": " ",
        "dsind3": " ",
        "cdind4": " ",
        "dsind4": " ",
        "cdind5": " ",
        "dsind5": " ",
        "nm": "176",
        "x_coord": 686616.72,
        "y_coord": 8152789.29204,
        "created_user": null,
        "created_date": null,
        "last_edited_user": null,
        "last_edited_date": null
      }
    },
    {
      "type": "Feature",
      "id": 77479,
      "geometry": {
        "type": "Point",
        "coordinates": [
          -49.25040321931257,
          -16.700362512620046
        ]
      },
      "properties": {
        "OBJECTID": 77479,
        "id": "042000457752",
        "nrlote": " ",
        "cdespecie": 176,
        "inidade": "A",
        "inporte": "A",
        "incondarv": "1",
        "indiamcopa": "8,00",
        "poda": " ",
        "inpodalp": "-",
        "inpodalc": "-",
        "inpodapu": "-",
        "inpodapl": "-",
        "inpodarc": "-",
        "inpodasp": "SP",
        "inasppai": "BO",
        "inalttens": "N",
        "inbaitens": "S",
        "intelefone": "S",
        "inilumina": "N",
        "inoutras": "15",
        "incap": "0,50",
        "incodfus": "BO",
        "indistlote": "0,80",
        "indistedif": "10,00",
        "indistmfio": "2,50",
        "incondraiz": "BO",
        "ininterfte": "N",
        "ininterfsa": "N",
        "ininterfca": "S",
        "ininterfas": "N",
        "ininterfmf": "N",
        "ininterfbh": "-",
        "inalinha": "N",
        "necessidad": " ",
        "inrt": "-",
        "inpt": "-",
        "inpm": "PM",
        "inpl": "-",
        "inrd": "-",
        "incp": "-",
        "incd": "-",
        "inaf": "-",
        "inst": "-",
        "inri": "-",
        "inrf": " ",
        "inpf": "-",
        "intu": "-",
        "inobs": "-",
        "dtlevanta": "08/07/99",
        "id_lot": "000100163002",
        "id_qdr": "000200001802",
        "id_mfi": " ",
        "id_seg": "000300008702",
        "distance": 2298.488,
        "idlocal": "C",
        "cdtparvore": 101,
        "porte": "G",
        "idade": "A",
        "cap": 180,
        "fuste_cond": "B",
        "dist_ccivi": 3.9000001,
        "dpc": 13,
        "copa_condi": "B",
        "tipo_poda": "SR",
        "asp_paisag": "B",
        "eqp_rat": "S",
        "eqp_rbt": "A",
        "eqp_fiasec": "N",
        "eqp_telefo": "A",
        "eqp_transi": "N",
        "eqp_ilumin": "N",
        "raiz_condi": "B",
        "eqp_agua": " ",
        "eqp_esgoto": " ",
        "eqp_calcad": "I",
        "eqp_meiofi": "N",
        "cdoutr_int": " ",
        "observacao": " ",
        "instatus": "V",
        "dtplantio": null,
        "dtcadastro": 841190400000,
        "dtatualiza": null,
        "plano_oper": 2,
        "nrquadra": "46",
        "larg_rua": 8,
        "larg_calca": 4.80000019,
        "cdbairro": 1,
        "cdlogradou": 772,
        "cdind1": " ",
        "dsind1": " ",
        "cdind2": " ",
        "dsind2": " ",
        "cdind3": " ",
        "dsind3": " ",
        "cdind4": " ",
        "dsind4": " ",
        "cdind5": " ",
        "dsind5": " ",
        "nm": "176",
        "x_coord": 686599.89,
        "y_coord": 8152773.19198,
        "created_user": null,
        "created_date": null,
        "last_edited_user": null,
        "last_edited_date": null
      }
    },
    {
      "type": "Feature",
      "id": 39123,
      "geometry": {
        "type": "Point",
        "coordinates": [
          -49.27710194748932,
          -16.707401733232903
        ]
      },
      "properties": {
        "OBJECTID": 39123,
        "id": "042000855332",
        "nrlote": " ",
        "cdespecie": 306,
        "inidade": "A",
        "inporte": "A",
        "incondarv": "1",
        "indiamcopa": "8,35",
        "poda": " ",
        "inpodalp": "-",
        "inpodalc": "-",
        "inpodapu": "PU",
        "inpodapl": "-",
        "inpodarc": "-",
        "inpodasp": "-",
        "inasppai": "BO",
        "inalttens": "N",
        "inbaitens": "N",
        "intelefone": "S",
        "inilumina": "N",
        "inoutras": "-",
        "incap": "1,40",
        "incodfus": "BO",
        "indistlote": "1,90",
        "indistedif": "10,00",
        "indistmfio": "2,00",
        "incondraiz": "BO",
        "ininterfte": "N",
        "ininterfsa": "N",
        "ininterfca": "S",
        "ininterfas": "N",
        "ininterfmf": "N",
        "ininterfbh": "-",
        "inalinha": "N",
        "necessidad": " ",
        "inrt": "-",
        "inpt": "-",
        "inpm": "PM",
        "inpl": "-",
        "inrd": "-",
        "incp": "-",
        "incd": "-",
        "inaf": "-",
        "inst": "-",
        "inri": "-",
        "inrf": " ",
        "inpf": "-",
        "intu": "-",
        "inobs": "19",
        "dtlevanta": "29/09/99",
        "id_lot": "000100131211",
        "id_qdr": "000200007911",
        "id_mfi": " ",
        "id_seg": "000300007911",
        "distance": 3397.361,
        "idlocal": " ",
        "cdtparvore": 0,
        "porte": " ",
        "idade": " ",
        "cap": 0,
        "fuste_cond": " ",
        "dist_ccivi": 0,
        "dpc": 0,
        "copa_condi": " ",
        "tipo_poda": " ",
        "asp_paisag": " ",
        "eqp_rat": " ",
        "eqp_rbt": " ",
        "eqp_fiasec": " ",
        "eqp_telefo": " ",
        "eqp_transi": " ",
        "eqp_ilumin": " ",
        "raiz_condi": " ",
        "eqp_agua": " ",
        "eqp_esgoto": " ",
        "eqp_calcad": " ",
        "eqp_meiofi": " ",
        "cdoutr_int": " ",
        "observacao": " ",
        "instatus": " ",
        "dtplantio": null,
        "dtcadastro": null,
        "dtatualiza": null,
        "plano_oper": 0,
        "nrquadra": " ",
        "larg_rua": 0,
        "larg_calca": 0,
        "cdbairro": 0,
        "cdlogradou": 0,
        "cdind1": " ",
        "dsind1": " ",
        "cdind2": " ",
        "dsind2": " ",
        "cdind3": " ",
        "dsind3": " ",
        "cdind4": " ",
        "dsind4": " ",
        "cdind5": " ",
        "dsind5": " ",
        "nm": "306",
        "x_coord": 683696.303514,
        "y_coord": 8152019.00868,
        "created_user": null,
        "created_date": null,
        "last_edited_user": null,
        "last_edited_date": null
      }
    }
  ]
}
