{
  "type": "FeatureCollection",
  "features": [
    {
      "type": "Feature",
      "properties": {
        "OBJECTID": 471,
        "id": "000500000299",
        "nm_mun": "Goiânia",
        "cd_err": 0,
        "x_coord": 683980.54964,
        "y_coord": 8159176.08889,
        "nm": "Goiânia",
        "created_user": "M1488392",
        "created_date": 1702321183000,
        "last_edited_user": "SIGGO",
        "last_edited_date": 1705082523000,
        "in_metro": 1,
        "shape.STArea()": 738183402.3974609,
        "shape.STLength()": 194574.3947793308
      },
      "geometry": {
        "type": "Polygon",
        "coordinates": [
          [
            [
              -49.381470462497326,
              -16.623500234663826
            ],
            [
              -49.38154609330699,
              -16.623422759323983
            ],
            [
              -49.3816327926552,
              -16.62337479778385
            ],
            [
              -49.3817508498375,
              -16.623354506472253
            ],
            [
              -49.38190026729245,
              -16.62338586552853
            ],
            [
              -49.382743274774306,
              -16.6238691656296
            ],
            [
              -49.38281521657484,
              -16.623872854435277
            ],
            [
              -49.38285487610152,
              -16.62385625352519
            ],
            [
              -49.382890847072616,
              -16.623799068318647
            ],
            [
              -49.38291482815968,
              -16.62372620479306
            ],
            [
              -49.382979572614424,
              -16.623329386727317
            ],
            [
              -49.38302973460665,
              -16.623132718871016
            ],
            [
              -49.3831053887624,
              -16.622910244122338
            ],
            [
              -49.383335409345186,
              -16.622241257438354
            ],
            [
              -49.38346453498316,
              -16.621894462140435
            ],
            [
              -49.38353463171735,
              -16.621750578947196
            ],
            [
              -49.38363608751031,
              -16.62162145295819
            ],
            [
              -49.38464511487053,
              -16.62073601810439
            ],
            [
              -49.38687714784069,
              -16.61885078047584
            ],
            [
              -49.38707360315669,
              -16.618802819209012
            ],
            [
              -49.388035691794656,
              -16.617948327066035
            ],
            [
              -49.38939233532766,
              -16.61673311584302
            ],
            [
              -49.389923596202905,
              -16.616210156050975
            ],
            [
              -49.391745194482716,
              -16.614361811602492
            ],
            [
              -49.39183626036763,
              -16.61427943402549
            ],
            [
              -49.39183625911487,
              -16.61424761332262
            ],
            [
              -49.391807649999485,
              -16.614196415701837
            ],
            [
              -49.39085058988263,
              -16.612785760882826
            ],
            [
              -49.39080844084358,
              -16.612747939528372
            ],
            [
              -49.390763724183586,
              -16.6127205295594
            ],
            [
              -49.39011175117016,
              -16.612329923413984
            ],
            [
              -49.389992771503664,
              -16.612268127336126
            ],
            [
              -49.38992820806337,
              -16.612199874863034
            ],
            [
              -49.38987273554212,
              -16.612113458191335
            ],
            [
              -49.389611525344094,
              -16.611285468385987
            ],
            [
              -49.3894140187034,
              -16.61070277672118
            ],
            [
              -49.38939913352013,
              -16.61065296031116
            ],
            [
              -49.3893944299702,
              -16.610578140038594
            ],
            [
              -49.39094750656006,
              -16.60773265121786
            ],
            [
              -49.39101496230196,
              -16.60762530547042
            ],
            [
              -49.391012866149715,
              -16.607578091368648
            ],
            [
              -49.39099372751349,
              -16.607532897021567
            ],
            [
              -49.38955282087487,
              -16.60381314913398
            ],
            [
              -49.38943476247519,
              -16.603541984591487
            ],
            [
              -49.38944951992964,
              -16.603481110764427
            ],
            [
              -49.389521461393244,
              -16.603409169640052
            ],
            [
              -49.390078547812415,
              -16.603115868873218
            ],
            [
              -49.39018369294495,
              -16.60304023819605
            ],
            [
              -49.39022980971507,
              -16.602975675157722
            ],
            [
              -49.39036078029139,
              -16.60248868617885
            ],
            [
              -49.39115932490462,
              -16.599542877981268
            ],
            [
              -49.3912489981316,
              -16.59921802021422
            ],
            [
              -49.39156562081318,
              -16.598292229873415
            ],
            [
              -49.39167936704845,
              -16.59799574678211
            ],
            [
              -49.39174453950261,
              -16.597874851789943
            ],
            [
              -49.391815856905076,
              -16.59779790917464
            ],
            [
              -49.39466885792779,
              -16.595356311915452
            ],
            [
              -49.39463305288686,
              -16.595269553182533
            ],
            [
              -49.3942887738924,
              -16.59383597884656
            ],
            [
              -49.39404640228828,
              -16.592836194701306
            ],
            [
              -49.393817801866916,
              -16.59188736381616
            ],
            [
              -49.393722091827556,
              -16.591415014463973
            ],
            [
              -49.39359677490475,
              -16.590915122394154
            ],
            [
              -49.393493491767366,
              -16.59044208372387
            ],
            [
              -49.39342463570046,
              -16.590132922405196
            ],
            [
              -49.393377813959866,
              -16.589985570901145
            ],
            [
              -49.393209117669095,
              -16.5895641744919
            ],
            [
              -49.392932318001755,
              -16.58867869093755
            ],
            [
              -49.39280287010128,
              -16.587955706723054
            ],
            [
              -49.3927574243055,
              -16.587619691270465
            ],
            [
              -49.392314683337844,
              -16.58386051693857
            ],
            [
              -49.39361467811317,
              -16.582695479315014
            ],
            [
              -49.39509782823773,
              -16.58139410821517
            ],
            [
              -49.395013824627455,
              -16.581289447247276
            ],
            [
              -49.3964391365114,
              -16.580021125976085
            ],
            [
              -49.39810682021572,
              -16.57853797528959
            ],
            [
              -49.398247285887855,
              -16.578635750504624
            ],
            [
              -49.39900194427456,
              -16.577992639049935
            ],
            [
              -49.39915893457065,
              -16.57782738580207
            ],
            [
              -49.4003783677108,
              -16.57675805745275
            ],
            [
              -49.40290468227075,
              -16.574530577031712
            ],
            [
              -49.40315944760369,
              -16.574333650062677
            ],
            [
              -49.40009882878868,
              -16.573716589489326
            ],
            [
              -49.39955939030223,
              -16.57363328031787
            ],
            [
              -49.39946705340234,
              -16.57361494853611
            ],
            [
              -49.39937887628936,
              -16.573603516772366
            ],
            [
              -49.39925983381842,
              -16.573584979615415
            ],
            [
              -49.39913392495112,
              -16.573558346718425
            ],
            [
              -49.3990305172832,
              -16.57354164665558
            ],
            [
              -49.39879077016836,
              -16.573479074914484
            ],
            [
              -49.39857654846758,
              -16.573434682743116
            ],
            [
              -49.39842064688745,
              -16.57338621955688
            ],
            [
              -49.398267310705236,
              -16.573322052611697
            ],
            [
              -49.39803026118989,
              -16.573216756035627
            ],
            [
              -49.39777460204125,
              -16.573106796643312
            ],
            [
              -49.39760968482817,
              -16.57302681585537
            ],
            [
              -49.39752015750897,
              -16.572965029940615
            ],
            [
              -49.39744495202982,
              -16.572913128569482
            ],
            [
              -49.397171020710836,
              -16.57275802389829
            ],
            [
              -49.39675100416118,
              -16.57250058048355
            ],
            [
              -49.396314871505965,
              -16.57222060058349
            ],
            [
              -49.395929416847856,
              -16.57201068592801
            ],
            [
              -49.39564154392662,
              -16.571853303174056
            ],
            [
              -49.395363307479975,
              -16.571743168020234
            ],
            [
              -49.39522562804644,
              -16.571686369982817
            ],
            [
              -49.3949081410641,
              -16.571555396255906
            ],
            [
              -49.39435698176256,
              -16.571327301700798
            ],
            [
              -49.39429351023281,
              -16.5712521672556
            ],
            [
              -49.39427488632765,
              -16.571204127915284
            ],
            [
              -49.39425613052536,
              -16.571160696392344
            ],
            [
              -49.39424200805453,
              -16.57113483224277
            ],
            [
              -49.39421676684997,
              -16.571105086847805
            ],
            [
              -49.39414099400021,
              -16.571100797429043
            ],
            [
              -49.39400063494191,
              -16.571110740118545
            ],
            [
              -49.39384910444255,
              -16.571100444196993
            ],
            [
              -49.39370700854424,
              -16.571093835709274
            ],
            [
              -49.39354811649717,
              -16.5710560999889
            ],
            [
              -49.39338559704009,
              -16.57100369724606
            ],
            [
              -49.393306180689954,
              -16.57097561229621
            ],
            [
              -49.393145747512605,
              -16.57089765096446
            ],
            [
              -49.39296286594241,
              -16.570781018981684
            ],
            [
              -49.39284960052381,
              -16.57072167510204
            ],
            [
              -49.39260400605691,
              -16.57061919868093
            ],
            [
              -49.392456773171325,
              -16.57055417117913
            ],
            [
              -49.39227358768561,
              -16.570474134944707
            ],
            [
              -49.39217550790573,
              -16.57042084250543
            ],
            [
              -49.39211313914445,
              -16.570386955097415
            ],
            [
              -49.39197348102956,
              -16.570323702776033
            ],
            [
              -49.391822283260375,
              -16.570262259014452
            ],
            [
              -49.391644738187914,
              -16.570191393114147
            ],
            [
              -49.39134627835857,
              -16.570068445072845
            ],
            [
              -49.39103063015045,
              -16.56996181104018
            ],
            [
              -49.39067890962096,
              -16.569865921959334
            ],
            [
              -49.390401054569445,
              -16.569766898959923
            ],
            [
              -49.39032980693065,
              -16.569727261829353
            ],
            [
              -49.390301064811254,
              -16.569711272068837
            ],
            [
              -49.39019353229811,
              -16.5696500743126
            ],
            [
              -49.38997424789827,
              -16.56958439697031
            ],
            [
              -49.38977013905588,
              -16.56951849514217
            ],
            [
              -49.38962641337012,
              -16.569472089959692
            ],
            [
              -49.38891761072733,
              -16.569238063768893
            ],
            [
              -49.38872548847552,
              -16.569133733849213
            ],
            [
              -49.38872395718811,
              -16.56914501904806
            ],
            [
              -49.38863113567683,
              -16.569094239145905
            ],
            [
              -49.38847594154031,
              -16.56900646386942
            ],
            [
              -49.3883256238933,
              -16.56897466561151
            ],
            [
              -49.388167531275535,
              -16.56891994369353
            ],
            [
              -49.38794621833879,
              -16.568839248263984
            ],
            [
              -49.387761796893706,
              -16.568784322270783
            ],
            [
              -49.38766946612962,
              -16.56876571445814
            ],
            [
              -49.38758748060936,
              -16.568765079775375
            ],
            [
              -49.387473599843865,
              -16.568802424249938
            ],
            [
              -49.38740231692116,
              -16.56879934201951
            ],
            [
              -49.38731263004728,
              -16.568778314555754
            ],
            [
              -49.38722049043405,
              -16.56873675428126
            ],
            [
              -49.38695433821937,
              -16.568650649062494
            ],
            [
              -49.38651952948733,
              -16.568507118787977
            ],
            [
              -49.38635375847912,
              -16.568429381436967
            ],
            [
              -49.3859948943775,
              -16.56837057206647
            ],
            [
              -49.38590243605734,
              -16.56836732524565
            ],
            [
              -49.38575964955394,
              -16.568376339999926
            ],
            [
              -49.38557462676179,
              -16.568382587317718
            ],
            [
              -49.385434875296696,
              -16.56835348964702
            ],
            [
              -49.38525834858563,
              -16.568296002022947
            ],
            [
              -49.38509498011612,
              -16.56823364598287
            ],
            [
              -49.38494223166675,
              -16.568178872798065
            ],
            [
              -49.38483118528755,
              -16.568128005120705
            ],
            [
              -49.38478951525917,
              -16.568108916861593
            ],
            [
              -49.38458923210165,
              -16.56804618381203
            ],
            [
              -49.384381204945115,
              -16.5679681181546
            ],
            [
              -49.38413129510163,
              -16.56783369772125
            ],
            [
              -49.383905290016735,
              -16.567686721368407
            ],
            [
              -49.383723976345664,
              -16.567562954033043
            ],
            [
              -49.38347647747284,
              -16.567454036542788
            ],
            [
              -49.38333708905906,
              -16.567381563263513
            ],
            [
              -49.38316578915093,
              -16.567326735246724
            ],
            [
              -49.38290995279125,
              -16.567273780245564
            ],
            [
              -49.3826942400736,
              -16.56716257832495
            ],
            [
              -49.38248931870914,
              -16.56701576427675
            ],
            [
              -49.38242639685167,
              -16.56695409499748
            ],
            [
              -49.382343349597946,
              -16.56686750923071
            ],
            [
              -49.38227181378163,
              -16.56680505096791
            ],
            [
              -49.38214814546862,
              -16.56673531974629
            ],
            [
              -49.38186641993475,
              -16.56661845239341
            ],
            [
              -49.38161286223891,
              -16.566438816418277
            ],
            [
              -49.381497352231065,
              -16.566301100459526
            ],
            [
              -49.38140536154561,
              -16.566156555478134
            ],
            [
              -49.38139580010903,
              -16.566141532362995
            ],
            [
              -49.38134699584929,
              -16.565960325004394
            ],
            [
              -49.381349101011224,
              -16.565865362763194
            ],
            [
              -49.381342198597686,
              -16.565783073445367
            ],
            [
              -49.38131434319004,
              -16.565718875828157
            ],
            [
              -49.38125230388053,
              -16.565652605199315
            ],
            [
              -49.381184581713974,
              -16.565593609368904
            ],
            [
              -49.38111485353906,
              -16.56555041338717
            ],
            [
              -49.38107654054152,
              -16.56548179676988
            ],
            [
              -49.38106586542125,
              -16.565391254563284
            ],
            [
              -49.38103645831346,
              -16.56535578216187
            ],
            [
              -49.380970103578804,
              -16.565357435318308
            ],
            [
              -49.38091776055621,
              -16.56533054952041
            ],
            [
              -49.38084084031183,
              -16.565228557795404
            ],
            [
              -49.38075503555686,
              -16.565102097395307
            ],
            [
              -49.38072142486759,
              -16.56502023215072
            ],
            [
              -49.380600808828405,
              -16.564944378777795
            ],
            [
              -49.38048266218805,
              -16.564852910726938
            ],
            [
              -49.38038491086724,
              -16.56477723409066
            ],
            [
              -49.380119105297716,
              -16.56457228934518
            ],
            [
              -49.37988276389763,
              -16.564396129089925
            ],
            [
              -49.3795129004884,
              -16.56404036123685
            ],
            [
              -49.37929759549547,
              -16.563813757492643
            ],
            [
              -49.379123680984975,
              -16.563545544456826
            ],
            [
              -49.37891568827996,
              -16.56312831818023
            ],
            [
              -49.37870010058341,
              -16.562790106261044
            ],
            [
              -49.378401114617816,
              -16.56244148525827
            ],
            [
              -49.378309503143626,
              -16.562357916682625
            ],
            [
              -49.37815571186283,
              -16.562217628465902
            ],
            [
              -49.37781060744281,
              -16.56187126844926
            ],
            [
              -49.37745483937668,
              -16.561713153426105
            ],
            [
              -49.377392688813,
              -16.561694053463285
            ],
            [
              -49.37687916160878,
              -16.56145619200044
            ],
            [
              -49.3768081596031,
              -16.561423304041508
            ],
            [
              -49.376629553664365,
              -16.561281243680597
            ],
            [
              -49.37660977901345,
              -16.56107163926885
            ],
            [
              -49.37663995321746,
              -16.56083368042033
            ],
            [
              -49.37658793611362,
              -16.560677829166217
            ],
            [
              -49.37644149438765,
              -16.560504205880925
            ],
            [
              -49.3762417182242,
              -16.56038361458897
            ],
            [
              -49.37605111204575,
              -16.5602434140887
            ],
            [
              -49.37592217781207,
              -16.560154448806774
            ],
            [
              -49.37582993854218,
              -16.56008992412983
            ],
            [
              -49.37575383227301,
              -16.560083227404967
            ],
            [
              -49.37569984015205,
              -16.56009808427381
            ],
            [
              -49.37562607938673,
              -16.56010981027792
            ],
            [
              -49.375619013727196,
              -16.560126446299066
            ],
            [
              -49.37554562362014,
              -16.560149397149214
            ],
            [
              -49.37544539463141,
              -16.56015934251978
            ],
            [
              -49.375355114764105,
              -16.560114941764994
            ],
            [
              -49.37528056110693,
              -16.560123335894264
            ],
            [
              -49.375098409529855,
              -16.56013166814673
            ],
            [
              -49.37480416581819,
              -16.56015339794186
            ],
            [
              -49.374580035966446,
              -16.560233030343905
            ],
            [
              -49.3743554660777,
              -16.560324443129836
            ],
            [
              -49.37417030778818,
              -16.560357654888367
            ],
            [
              -49.37364623017032,
              -16.56041665776024
            ],
            [
              -49.3732690734018,
              -16.560520120018044
            ],
            [
              -49.37303191839649,
              -16.56059104950036
            ],
            [
              -49.37279887625589,
              -16.560667158211967
            ],
            [
              -49.37268873790683,
              -16.560696565238228
            ],
            [
              -49.37232314250834,
              -16.56068881351994
            ],
            [
              -49.37211188397016,
              -16.560702028786043
            ],
            [
              -49.371927575865705,
              -16.56077238841893
            ],
            [
              -49.3717023720685,
              -16.560847603705252
            ],
            [
              -49.37150438683358,
              -16.560977462249554
            ],
            [
              -49.37121734943486,
              -16.561068851331697
            ],
            [
              -49.37086586653784,
              -16.56115920385143
            ],
            [
              -49.37033263657856,
              -16.561203956775703
            ],
            [
              -49.36979095366106,
              -16.56119971939201
            ],
            [
              -49.36975424745701,
              -16.561199432202113
            ],
            [
              -49.369378457368455,
              -16.561127844139126
            ],
            [
              -49.368937047897326,
              -16.56100807150084
            ],
            [
              -49.368456375967426,
              -16.560980162729656
            ],
            [
              -49.3680383922135,
              -16.560986597675033
            ],
            [
              -49.367721957488854,
              -16.560988960073317
            ],
            [
              -49.367475092570565,
              -16.561021694071588
            ],
            [
              -49.367167901339506,
              -16.560908715866834
            ],
            [
              -49.36698965918275,
              -16.5606903156123
            ],
            [
              -49.36661086576842,
              -16.560625607835984
            ],
            [
              -49.366110946147884,
              -16.56055345215064
            ],
            [
              -49.365883154780995,
              -16.560492976120003
            ],
            [
              -49.365746416998526,
              -16.560457655027367
            ],
            [
              -49.36561964125019,
              -16.560414232749828
            ],
            [
              -49.36555395808083,
              -16.560420263826927
            ],
            [
              -49.36548246202342,
              -16.560426827642324
            ],
            [
              -49.36534828246625,
              -16.56048781652302
            ],
            [
              -49.36518190777689,
              -16.560543263458893
            ],
            [
              -49.365048208914224,
              -16.560490487622975
            ],
            [
              -49.36494736232621,
              -16.560452543193662
            ],
            [
              -49.364859339773666,
              -16.560456093457773
            ],
            [
              -49.36476040025425,
              -16.560536509328504
            ],
            [
              -49.3646864672227,
              -16.56062278749433
            ],
            [
              -49.364631365509744,
              -16.560611481924912
            ],
            [
              -49.36457563888086,
              -16.56060028168594
            ],
            [
              -49.36451537572881,
              -16.56056738454653
            ],
            [
              -49.36450420533034,
              -16.56048128252485
            ],
            [
              -49.364486052184084,
              -16.560394663009184
            ],
            [
              -49.3644240950001,
              -16.560350111309855
            ],
            [
              -49.36435731029714,
              -16.56036565004579
            ],
            [
              -49.36430589072773,
              -16.560302642880995
            ],
            [
              -49.36424820699363,
              -16.560215150948007
            ],
            [
              -49.364192502918726,
              -16.560122136775416
            ],
            [
              -49.364203166688334,
              -16.56003599197927
            ],
            [
              -49.36414413089821,
              -16.559987036001456
            ],
            [
              -49.36406781684666,
              -16.559907583330105
            ],
            [
              -49.363921155636646,
              -16.559915853656808
            ],
            [
              -49.3638379015497,
              -16.559915199964454
            ],
            [
              -49.36376422022855,
              -16.55988917822227
            ],
            [
              -49.363684643795615,
              -16.55988375569657
            ],
            [
              -49.36360719397176,
              -16.559883147492148
            ],
            [
              -49.36354482265806,
              -16.559951393580636
            ],
            [
              -49.3634657839607,
              -16.560020998917214
            ],
            [
              -49.36342946223077,
              -16.560029813733244
            ],
            [
              -49.36335490527543,
              -16.560047906364225
            ],
            [
              -49.36321071611991,
              -16.560014634336365
            ],
            [
              -49.3629741147996,
              -16.559950427031787
            ],
            [
              -49.36275555521919,
              -16.559837866022388
            ],
            [
              -49.3624759599183,
              -16.55986559173978
            ],
            [
              -49.36220705509698,
              -16.56003386853643
            ],
            [
              -49.36178759303604,
              -16.56013418556181
            ],
            [
              -49.361456762575564,
              -16.560267353486864
            ],
            [
              -49.361139097795345,
              -16.560157669590932
            ],
            [
              -49.360650819760814,
              -16.560128625922747
            ],
            [
              -49.36038439071265,
              -16.560157323503002
            ],
            [
              -49.36000461180684,
              -16.56015433480619
            ],
            [
              -49.359976953229335,
              -16.56007933207645
            ],
            [
              -49.359626561515725,
              -16.559986960461025
            ],
            [
              -49.359368690560544,
              -16.55989516674703
            ],
            [
              -49.35919541317668,
              -16.55996235833396
            ],
            [
              -49.358854042826586,
              -16.56009293038934
            ],
            [
              -49.358576759890965,
              -16.560213663166774
            ],
            [
              -49.35820870231161,
              -16.56037710670214
            ],
            [
              -49.35804054992322,
              -16.560375781728194
            ],
            [
              -49.3577825954663,
              -16.560303956748932
            ],
            [
              -49.357608720483206,
              -16.56042023465882
            ],
            [
              -49.35726027937623,
              -16.560605582615118
            ],
            [
              -49.35678841049251,
              -16.560611968694296
            ],
            [
              -49.35663312725838,
              -16.560866607457015
            ],
            [
              -49.356468085936896,
              -16.56113725097994
            ],
            [
              -49.356248805449816,
              -16.561261743572118
            ],
            [
              -49.356015151723874,
              -16.561392368735543
            ],
            [
              -49.355863505725544,
              -16.561515613358623
            ],
            [
              -49.355639153023546,
              -16.56159598372999
            ],
            [
              -49.355501684585214,
              -16.561706269126464
            ],
            [
              -49.355326419213114,
              -16.56181307059653
            ],
            [
              -49.355212769393994,
              -16.561882324266957
            ],
            [
              -49.35461661720281,
              -16.562309283028437
            ],
            [
              -49.35380146808011,
              -16.563012196480173
            ],
            [
              -49.35283569767006,
              -16.563956760829473
            ],
            [
              -49.35226297429811,
              -16.564732107653537
            ],
            [
              -49.35172864795888,
              -16.5654930896039
            ],
            [
              -49.351626921901236,
              -16.565656513615593
            ],
            [
              -49.351602197894834,
              -16.56565233998354
            ],
            [
              -49.35153461386512,
              -16.565696882412837
            ],
            [
              -49.35123294856325,
              -16.56555352128875
            ],
            [
              -49.351046418692036,
              -16.56648425306794
            ],
            [
              -49.351032664472825,
              -16.566552489299347
            ],
            [
              -49.35100658156168,
              -16.56661383679525
            ],
            [
              -49.3509793106185,
              -16.566645226113394
            ],
            [
              -49.35092803143429,
              -16.566680037357383
            ],
            [
              -49.3507270471975,
              -16.5668055808262
            ],
            [
              -49.350694779550885,
              -16.566824477866543
            ],
            [
              -49.35067103295401,
              -16.566857480996255
            ],
            [
              -49.35063500601569,
              -16.56691742942029
            ],
            [
              -49.350453190827075,
              -16.56722697474953
            ],
            [
              -49.35042053647876,
              -16.567260022968906
            ],
            [
              -49.35036260754146,
              -16.567280688544866
            ],
            [
              -49.350296040196945,
              -16.567285513812994
            ],
            [
              -49.35020873265657,
              -16.567281459727017
            ],
            [
              -49.350021768415104,
              -16.567252807031384
            ],
            [
              -49.34998205086764,
              -16.567249207542954
            ],
            [
              -49.34994199645781,
              -16.567260956136383
            ],
            [
              -49.349901414651846,
              -16.567289739369443
            ],
            [
              -49.34974551871973,
              -16.567511825409916
            ],
            [
              -49.349706989713454,
              -16.567555692766874
            ],
            [
              -49.349653171675435,
              -16.567579836421267
            ],
            [
              -49.349589593429926,
              -16.567590807546186
            ],
            [
              -49.34938055362256,
              -16.567626847952923
            ],
            [
              -49.34929015012636,
              -16.567645331931512
            ],
            [
              -49.349244709408346,
              -16.567673931021524
            ],
            [
              -49.34921739316319,
              -16.567721362679777
            ],
            [
              -49.3491954737983,
              -16.567803691004734
            ],
            [
              -49.3491889421137,
              -16.56785930028539
            ],
            [
              -49.34920797193254,
              -16.568216356319287
            ],
            [
              -49.34919987049642,
              -16.568273860816912
            ],
            [
              -49.34917952779683,
              -16.568321801376342
            ],
            [
              -49.34913967895178,
              -16.568365254197037
            ],
            [
              -49.34910996832849,
              -16.568389393568122
            ],
            [
              -49.34878053763979,
              -16.56861337264357
            ],
            [
              -49.34874051070409,
              -16.568651757953553
            ],
            [
              -49.34871422858793,
              -16.5686891940232
            ],
            [
              -49.34869751332766,
              -16.568754456027715
            ],
            [
              -49.348695995820975,
              -16.5688155180489
            ],
            [
              -49.348755998964386,
              -16.569345801057107
            ],
            [
              -49.348747082854935,
              -16.569411021874014
            ],
            [
              -49.34872288634075,
              -16.569441764674025
            ],
            [
              -49.34867402229615,
              -16.569464300798202
            ],
            [
              -49.34862350313171,
              -16.569470937160116
            ],
            [
              -49.34831060383185,
              -16.569518868391974
            ],
            [
              -49.34826354934918,
              -16.569527861817907
            ],
            [
              -49.348225923290094,
              -16.56953684687182
            ],
            [
              -49.34819443565734,
              -16.56956187837899
            ],
            [
              -49.34816074610516,
              -16.569605138537295
            ],
            [
              -49.34804151551548,
              -16.569820445191954
            ],
            [
              -49.34801214092573,
              -16.56985787830351
            ],
            [
              -49.347965632279525,
              -16.56987207754167
            ],
            [
              -49.34792827108257,
              -16.569875597397107
            ],
            [
              -49.34785495559891,
              -16.569864788903697
            ],
            [
              -49.347556106255496,
              -16.56984099901567
            ],
            [
              -49.347476511159506,
              -16.56984805864769
            ],
            [
              -49.34740934149497,
              -16.56986956269639
            ],
            [
              -49.34704982773254,
              -16.570039852934602
            ],
            [
              -49.34695087979806,
              -16.570064627129415
            ],
            [
              -49.346859253348285,
              -16.570071555774767
            ],
            [
              -49.34677837130556,
              -16.57006075642189
            ],
            [
              -49.34672645327866,
              -16.570037606001083
            ],
            [
              -49.34669762914979,
              -16.569994926127954
            ],
            [
              -49.34668497135154,
              -16.569945025902403
            ],
            [
              -49.34669397992266,
              -16.56989760114503
            ],
            [
              -49.346794819571514,
              -16.569625918203545
            ],
            [
              -49.34680958474268,
              -16.56956833392518
            ],
            [
              -49.34681300059733,
              -16.569494177420477
            ],
            [
              -49.346796368413585,
              -16.569387238191407
            ],
            [
              -49.346771000324374,
              -16.56931203356993
            ],
            [
              -49.34673815503051,
              -16.569257113133293
            ],
            [
              -49.346705099802406,
              -16.569228987713075
            ],
            [
              -49.34664783058165,
              -16.569211554838112
            ],
            [
              -49.34657525967063,
              -16.569216968284586
            ],
            [
              -49.345913938166156,
              -16.56946839067743
            ],
            [
              -49.345865565906585,
              -16.569494643221013
            ],
            [
              -49.34584084075853,
              -16.56951767129294
            ],
            [
              -49.34571303257391,
              -16.569706261614378
            ],
            [
              -49.34567264910778,
              -16.56974449703446
            ],
            [
              -49.345623438916974,
              -16.569773946384416
            ],
            [
              -49.34529739234177,
              -16.56996699179671
            ],
            [
              -49.345205374339756,
              -16.57002995979964
            ],
            [
              -49.34517479290394,
              -16.57005931667195
            ],
            [
              -49.345142037121484,
              -16.570105285683947
            ],
            [
              -49.345022033401584,
              -16.570368109308205
            ],
            [
              -49.344969580618475,
              -16.570437831179618
            ],
            [
              -49.344920146082025,
              -16.570476286383826
            ],
            [
              -49.34485908218868,
              -16.570518892805215
            ],
            [
              -49.344689165476424,
              -16.570594604957368
            ],
            [
              -49.34463744007756,
              -16.570607153410002
            ],
            [
              -49.34458571239518,
              -16.570603084160975
            ],
            [
              -49.34454970374872,
              -16.570578142072502
            ],
            [
              -49.34429956856902,
              -16.570290917784945
            ],
            [
              -49.344163134892675,
              -16.570193971290596
            ],
            [
              -49.34408262383987,
              -16.570161610370683
            ],
            [
              -49.3440148768366,
              -16.57014538029016
            ],
            [
              -49.34391425082994,
              -16.570141824834966
            ],
            [
              -49.34382173516433,
              -16.570175049208537
            ],
            [
              -49.343768922245815,
              -16.57022153532314
            ],
            [
              -49.34373342364805,
              -16.57027197262702
            ],
            [
              -49.34361105324384,
              -16.570546261239407
            ],
            [
              -49.343586965574545,
              -16.570575125487405
            ],
            [
              -49.34355110990146,
              -16.570586988388293
            ],
            [
              -49.34351745453414,
              -16.570577795104683
            ],
            [
              -49.343489910864925,
              -16.57055705177302
            ],
            [
              -49.34347277122446,
              -16.570507580258493
            ],
            [
              -49.343401281534845,
              -16.570113709156036
            ],
            [
              -49.34338237603012,
              -16.570083147429344
            ],
            [
              -49.343352679139386,
              -16.57006240593495
            ],
            [
              -49.34332135147055,
              -16.570045540877366
            ],
            [
              -49.343287991667296,
              -16.57002491934317
            ],
            [
              -49.342905376247444,
              -16.569877865836283
            ],
            [
              -49.34286660767546,
              -16.56987228894326
            ],
            [
              -49.34281777063403,
              -16.5698815136284
            ],
            [
              -49.34277841675724,
              -16.569896378586147
            ],
            [
              -49.34239679160032,
              -16.570077044822206
            ],
            [
              -49.34235686840599,
              -16.570080906550455
            ],
            [
              -49.34232523340352,
              -16.5700694166655
            ],
            [
              -49.34161571464284,
              -16.569782206844913
            ],
            [
              -49.341584203092204,
              -16.569761344033505
            ],
            [
              -49.34157199174238,
              -16.569732784696786
            ],
            [
              -49.341569221608836,
              -16.56969516982485
            ],
            [
              -49.34168140684348,
              -16.568688950669983
            ],
            [
              -49.34167696345354,
              -16.568643640344316
            ],
            [
              -49.34165045302855,
              -16.568610070156378
            ],
            [
              -49.341602137347834,
              -16.56859060800001
            ],
            [
              -49.34128969586644,
              -16.56850329034353
            ],
            [
              -49.341240522511534,
              -16.56848419991687
            ],
            [
              -49.34120225436442,
              -16.56844320273
            ],
            [
              -49.34114825901209,
              -16.5683720412726
            ],
            [
              -49.34112124228603,
              -16.5683439938607
            ],
            [
              -49.34109187588247,
              -16.568328816823804
            ],
            [
              -49.34062470472642,
              -16.5681664420112
            ],
            [
              -49.34052394385122,
              -16.56814289648875
            ],
            [
              -49.34044096598597,
              -16.56813714586563
            ],
            [
              -49.339451264299285,
              -16.56812109577813
            ],
            [
              -49.339373247491224,
              -16.568123166713846
            ],
            [
              -49.33933431406165,
              -16.56814168973806
            ],
            [
              -49.33931488664185,
              -16.568181180766093
            ],
            [
              -49.33928594415239,
              -16.568304358243882
            ],
            [
              -49.33927623310426,
              -16.568329912583433
            ],
            [
              -49.33924435738086,
              -16.56833453734842
            ],
            [
              -49.339196411131844,
              -16.568336838040107
            ],
            [
              -49.338612326737305,
              -16.568199811679094
            ],
            [
              -49.338564342517216,
              -16.56819529100543
            ],
            [
              -49.338523797824436,
              -16.568211681905762
            ],
            [
              -49.33849482893487,
              -16.568233982079274
            ],
            [
              -49.33767618487201,
              -16.569304372125917
            ],
            [
              -49.337615123088135,
              -16.569378278631728
            ],
            [
              -49.33754215265044,
              -16.56941997717376
            ],
            [
              -49.337311473537,
              -16.56950332122126
            ],
            [
              -49.33726074102617,
              -16.56954003360873
            ],
            [
              -49.33723903429051,
              -16.569572090663804
            ],
            [
              -49.33722223523117,
              -16.569650263312344
            ],
            [
              -49.337217474556894,
              -16.569698690121392
            ],
            [
              -49.337205387702134,
              -16.56973331630176
            ],
            [
              -49.33709827812872,
              -16.569944456152534
            ],
            [
              -49.3370884759765,
              -16.56998647181454
            ],
            [
              -49.337093341900456,
              -16.57003559268919
            ],
            [
              -49.33711045709141,
              -16.570129407565826
            ],
            [
              -49.337103103051525,
              -16.570209334629954
            ],
            [
              -49.33705897337018,
              -16.570331523746457
            ],
            [
              -49.33701475435213,
              -16.57040222906065
            ],
            [
              -49.33697292028214,
              -16.570433834369
            ],
            [
              -49.336829752867644,
              -16.57050806088057
            ],
            [
              -49.336787810077844,
              -16.57052918720786
            ],
            [
              -49.33676312702118,
              -16.57056453238069
            ],
            [
              -49.33668929676738,
              -16.57075342093288
            ],
            [
              -49.33665986275173,
              -16.57079358808794
            ],
            [
              -49.336603655843504,
              -16.57082907816049
            ],
            [
              -49.3361687313588,
              -16.571010954889136
            ],
            [
              -49.336126953939704,
              -16.571003866159206
            ],
            [
              -49.336104705885624,
              -16.570989708608025
            ],
            [
              -49.33609194252835,
              -16.570954270375868
            ],
            [
              -49.33608767317848,
              -16.570828535602026
            ],
            [
              -49.336070017277464,
              -16.57078342875815
            ],
            [
              -49.33602057089342,
              -16.570759697274028
            ],
            [
              -49.33596633346678,
              -16.57075494796709
            ],
            [
              -49.33548763883549,
              -16.57086402799352
            ],
            [
              -49.33544157289568,
              -16.57086967462733
            ],
            [
              -49.33538823550893,
              -16.57083204958489
            ],
            [
              -49.33524249900411,
              -16.570655732427223
            ],
            [
              -49.33519070967612,
              -16.57061483758387
            ],
            [
              -49.33514807490886,
              -16.570608524392345
            ],
            [
              -49.335078211202024,
              -16.57061931507092
            ],
            [
              -49.3350113024081,
              -16.570627325259352
            ],
            [
              -49.33495941132364,
              -16.57061527923891
            ],
            [
              -49.33472918729581,
              -16.570471147338978
            ],
            [
              -49.334652752800174,
              -16.570438718794698
            ],
            [
              -49.334531844425314,
              -16.570400067030352
            ],
            [
              -49.33352105562596,
              -16.57014312660569
            ],
            [
              -49.33345426745218,
              -16.570143124423147
            ],
            [
              -49.333380795956906,
              -16.57015417664947
            ],
            [
              -49.3333035839869,
              -16.570179261829377
            ],
            [
              -49.33323698834121,
              -16.570218953924055
            ],
            [
              -49.333011612542236,
              -16.570372379777538
            ],
            [
              -49.33294758978655,
              -16.570407396893675
            ],
            [
              -49.33287750851856,
              -16.570422128703335
            ],
            [
              -49.33275257214183,
              -16.570430962270073
            ],
            [
              -49.33252779825744,
              -16.570464113907327
            ],
            [
              -49.33236150805036,
              -16.570506046478027
            ],
            [
              -49.33220776039302,
              -16.570544869520997
            ],
            [
              -49.33203646258622,
              -16.570560472159684
            ],
            [
              -49.33183347155691,
              -16.570567506124256
            ],
            [
              -49.33170344352843,
              -16.570559777377575
            ],
            [
              -49.33149202326922,
              -16.570568417078416
            ],
            [
              -49.33055799837602,
              -16.570534192149026
            ],
            [
              -49.33003726474829,
              -16.570456110570085
            ],
            [
              -49.32976073561505,
              -16.57034174314345
            ],
            [
              -49.32959503052919,
              -16.570199205932568
            ],
            [
              -49.32882610482782,
              -16.569357076908044
            ],
            [
              -49.32874045601344,
              -16.569213586518707
            ],
            [
              -49.32864811436585,
              -16.56900600392884
            ],
            [
              -49.32857654444218,
              -16.568770099859044
            ],
            [
              -49.32842570264174,
              -16.567984152666433
            ],
            [
              -49.32842546887076,
              -16.5678592141079
            ],
            [
              -49.328439565637794,
              -16.567794011890314
            ],
            [
              -49.32852497868578,
              -16.567685418514912
            ],
            [
              -49.329675342926805,
              -16.566703968997658
            ],
            [
              -49.329813917209485,
              -16.566571074174096
            ],
            [
              -49.330086599075194,
              -16.56626651712636
            ],
            [
              -49.33024947748854,
              -16.56604818509206
            ],
            [
              -49.33040021554693,
              -16.565784206134545
            ],
            [
              -49.33047861950435,
              -16.565608865694404
            ],
            [
              -49.3305193039227,
              -16.565486323438314
            ],
            [
              -49.330530912558054,
              -16.565372230606727
            ],
            [
              -49.330519360906514,
              -16.565229919430237
            ],
            [
              -49.33047387523971,
              -16.56506995963456
            ],
            [
              -49.3301150679586,
              -16.56440023445281
            ],
            [
              -49.32999066047911,
              -16.564121478145385
            ],
            [
              -49.32995574960596,
              -16.563953555872825
            ],
            [
              -49.329942638386136,
              -16.563728278952915
            ],
            [
              -49.3299470567904,
              -16.56355144277824
            ],
            [
              -49.32997429253037,
              -16.563422032439835
            ],
            [
              -49.330130590892544,
              -16.56309787841781
            ],
            [
              -49.3301697506583,
              -16.562998789543766
            ],
            [
              -49.330194661150244,
              -16.56286539340548
            ],
            [
              -49.330230302297274,
              -16.562646484968784
            ],
            [
              -49.330308736951,
              -16.56236595393896
            ],
            [
              -49.33038349895846,
              -16.562263391045317
            ],
            [
              -49.33046171286985,
              -16.562232595404566
            ],
            [
              -49.3305800133587,
              -16.56222087660138
            ],
            [
              -49.33128347803506,
              -16.562248536281484
            ],
            [
              -49.331502852166395,
              -16.562248542788428
            ],
            [
              -49.33162288881017,
              -16.562216806538963
            ],
            [
              -49.3317139519627,
              -16.562141428617707
            ],
            [
              -49.33173878973509,
              -16.56204224455884
            ],
            [
              -49.33171395794401,
              -16.561935124374283
            ],
            [
              -49.331664292551615,
              -16.561800231651162
            ],
            [
              -49.33154426425029,
              -16.56158995701331
            ],
            [
              -49.33146182797603,
              -16.56148479735611
            ],
            [
              -49.33119716202352,
              -16.561250618860242
            ],
            [
              -49.33083640371899,
              -16.56101582212752
            ],
            [
              -49.33071190514603,
              -16.560900452666807
            ],
            [
              -49.33044350598955,
              -16.560548272953834
            ],
            [
              -49.33038156237686,
              -16.560393732542074
            ],
            [
              -49.33033605951647,
              -16.560179527123218
            ],
            [
              -49.33010640507526,
              -16.55899869233456
            ],
            [
              -49.33001321250432,
              -16.55866741111399
            ],
            [
              -49.32991044262382,
              -16.558482391591994
            ],
            [
              -49.32970236919554,
              -16.558238893783873
            ],
            [
              -49.329350153836536,
              -16.558007259473452
            ],
            [
              -49.327874898163046,
              -16.557246463856547
            ],
            [
              -49.32779961943053,
              -16.557170291421215
            ],
            [
              -49.32775778803956,
              -16.55706601304298
            ],
            [
              -49.327753467359535,
              -16.556901062384703
            ],
            [
              -49.32779931570063,
              -16.556771554942696
            ],
            [
              -49.32794592685331,
              -16.556519629784837
            ],
            [
              -49.327860468371206,
              -16.556180131469887
            ],
            [
              -49.32783954165289,
              -16.555944712280237
            ],
            [
              -49.32786046806512,
              -16.55569359778494
            ],
            [
              -49.327949403942405,
              -16.55530123323859
            ],
            [
              -49.3279494044989,
              -16.554662986077783
            ],
            [
              -49.32781338503567,
              -16.553925340240053
            ],
            [
              -49.327597054026974,
              -16.553412434177513
            ],
            [
              -49.32739878573375,
              -16.55285679921348
            ],
            [
              -49.32723137646459,
              -16.552297025347862
            ],
            [
              -49.327126745545016,
              -16.55175817721136
            ],
            [
              -49.32715692729136,
              -16.551196479906523
            ],
            [
              -49.32708489371984,
              -16.55056538741088
            ],
            [
              -49.32692794732137,
              -16.549885287969584
            ],
            [
              -49.32666637075884,
              -16.54919472556589
            ],
            [
              -49.32634679061997,
              -16.54868222081587
            ],
            [
              -49.32590816201758,
              -16.548203933390013
            ],
            [
              -49.32537883865338,
              -16.547928601064513
            ],
            [
              -49.32472677700979,
              -16.547722575077803
            ],
            [
              -49.323715349819516,
              -16.547566466987426
            ],
            [
              -49.32279289285897,
              -16.54745063869164
            ],
            [
              -49.32215776783304,
              -16.547421738110643
            ],
            [
              -49.32161335045159,
              -16.547218874197068
            ],
            [
              -49.32128421597983,
              -16.546979815334737
            ],
            [
              -49.32072571045184,
              -16.546105089447263
            ],
            [
              -49.320384381226816,
              -16.54488626476485
            ],
            [
              -49.32005339716368,
              -16.543736778325396
            ],
            [
              -49.31942736799095,
              -16.541596856631973
            ],
            [
              -49.318708430589155,
              -16.53947687084742
            ],
            [
              -49.31851180262954,
              -16.53908551275439
            ],
            [
              -49.31823800482274,
              -16.5387603350814
            ],
            [
              -49.317275684521874,
              -16.537954402387847
            ],
            [
              -49.31536630622776,
              -16.536708572869873
            ],
            [
              -49.3148521524099,
              -16.53641870592196
            ],
            [
              -49.31452590031441,
              -16.53605215807597
            ],
            [
              -49.31422607193275,
              -16.535487364814696
            ],
            [
              -49.31401923332457,
              -16.534674812845672
            ],
            [
              -49.313714466763734,
              -16.533356129737008
            ],
            [
              -49.313498780438685,
              -16.532918382537208
            ],
            [
              -49.31294055610295,
              -16.53234684198401
            ],
            [
              -49.31187425904401,
              -16.53125493523448
            ],
            [
              -49.31156634734972,
              -16.530888979460766
            ],
            [
              -49.311258437730004,
              -16.53052302333507
            ],
            [
              -49.310839697449666,
              -16.530180688985965
            ],
            [
              -49.3104332779219,
              -16.529873769761494
            ],
            [
              -49.310100765652834,
              -16.529755738484635
            ],
            [
              -49.30971635388162,
              -16.52978885166323
            ],
            [
              -49.30931041726713,
              -16.529946944508637
            ],
            [
              -49.308707866752385,
              -16.530105059940144
            ],
            [
              -49.308397081056576,
              -16.530178041367062
            ],
            [
              -49.30803366069785,
              -16.530225131271713
            ],
            [
              -49.30767013975743,
              -16.530360502196718
            ],
            [
              -49.307162775453634,
              -16.530561178284845
            ],
            [
              -49.306839328422924,
              -16.53063416120605
            ],
            [
              -49.306490509071814,
              -16.530536903615445
            ],
            [
              -49.306148024939525,
              -16.53029980538025
            ],
            [
              -49.30563223908962,
              -16.53013085106275
            ],
            [
              -49.30518889988408,
              -16.530060042348993
            ],
            [
              -49.304720934913,
              -16.53003645778497
            ],
            [
              -49.30439134049089,
              -16.53009928403055
            ],
            [
              -49.30408814387691,
              -16.530340893262185
            ],
            [
              -49.303986994361075,
              -16.53048830437309
            ],
            [
              -49.303938445901224,
              -16.530620195987776
            ],
            [
              -49.30384942890594,
              -16.53067450825491
            ],
            [
              -49.30374070519977,
              -16.530701225136713
            ],
            [
              -49.303582152957134,
              -16.530640434785976
            ],
            [
              -49.30334749433601,
              -16.530555328898743
            ],
            [
              -49.303181772413446,
              -16.530472828245603
            ],
            [
              -49.30314939730665,
              -16.53039912715808
            ],
            [
              -49.30316557795521,
              -16.530294390599586
            ],
            [
              -49.30345689559448,
              -16.52996465332283
            ],
            [
              -49.30352567671243,
              -16.529852156210094
            ],
            [
              -49.30351234383091,
              -16.529777103551783
            ],
            [
              -49.30326499590429,
              -16.529582552355794
            ],
            [
              -49.30283372518185,
              -16.52937584580604
            ],
            [
              -49.30268805993907,
              -16.529301364379567
            ],
            [
              -49.302599040362836,
              -16.529297489361674
            ],
            [
              -49.30253025627302,
              -16.52936731613469
            ],
            [
              -49.302461472884985,
              -16.529441022304226
            ],
            [
              -49.302271298165905,
              -16.52949145946441
            ],
            [
              -49.301842382858055,
              -16.529429411028072
            ],
            [
              -49.30141947728019,
              -16.529315125723375
            ],
            [
              -49.30043521888744,
              -16.528730349078934
            ],
            [
              -49.299445860928934,
              -16.52816495540768
            ],
            [
              -49.298786293835214,
              -16.528037296486144
            ],
            [
              -49.29766376426281,
              -16.5279947640915
            ],
            [
              -49.297373121577166,
              -16.528116371025384
            ],
            [
              -49.297284339451814,
              -16.528286609206834
            ],
            [
              -49.297131111675824,
              -16.528519855137077
            ],
            [
              -49.29703492436175,
              -16.528547921493157
            ],
            [
              -49.29692619019783,
              -16.52853188625813
            ],
            [
              -49.29677563327221,
              -16.528387556969808
            ],
            [
              -49.29669198861364,
              -16.528215160178537
            ],
            [
              -49.29665434638283,
              -16.52803875332064
            ],
            [
              -49.296587432962795,
              -16.527958570484458
            ],
            [
              -49.29648524981432,
              -16.527897513092448
            ],
            [
              -49.29622777450285,
              -16.52788239978938
            ],
            [
              -49.29593921318998,
              -16.52796659842737
            ],
            [
              -49.29569247237402,
              -16.528094897799757
            ],
            [
              -49.29539972815136,
              -16.528183105360345
            ],
            [
              -49.295278446893924,
              -16.528195133863775
            ],
            [
              -49.295185148486546,
              -16.528140723443904
            ],
            [
              -49.295171503329684,
              -16.52802382406382
            ],
            [
              -49.29523302902328,
              -16.527968306977417
            ],
            [
              -49.29533436741084,
              -16.527923197140044
            ],
            [
              -49.29539787452272,
              -16.52783830919976
            ],
            [
              -49.29538532672088,
              -16.527726050937478
            ],
            [
              -49.2953016846304,
              -16.527609782678827
            ],
            [
              -49.295197132485555,
              -16.527541626998147
            ],
            [
              -49.29508839927963,
              -16.52754563672992
            ],
            [
              -49.29496158686422,
              -16.52763521615731
            ],
            [
              -49.29490006317993,
              -16.527777476265836
            ],
            [
              -49.29487834985129,
              -16.527905856958355
            ],
            [
              -49.29483329785855,
              -16.5279305274873
            ],
            [
              -49.294758020662734,
              -16.527898454352595
            ],
            [
              -49.29465764944299,
              -16.527810251466068
            ],
            [
              -49.29455624609511,
              -16.52773931624559
            ],
            [
              -49.29448386446545,
              -16.527749726873555
            ],
            [
              -49.29437891640827,
              -16.527742791318676
            ],
            [
              -49.29428588131689,
              -16.52766592135635
            ],
            [
              -49.29419387586739,
              -16.527633847784973
            ],
            [
              -49.29385278753017,
              -16.52765953430767
            ],
            [
              -49.29350897248655,
              -16.52761790166149
            ],
            [
              -49.29331146153983,
              -16.52759375681093
            ],
            [
              -49.29323200208512,
              -16.527593756827248
            ],
            [
              -49.29318686628913,
              -16.52763871884406
            ],
            [
              -49.293165151094136,
              -16.52772198955561
            ],
            [
              -49.293114905061714,
              -16.527834312694445
            ],
            [
              -49.2930228988618,
              -16.52785435887746
            ],
            [
              -49.29291834670446,
              -16.52785035006087
            ],
            [
              -49.29283888675529,
              -16.527814265960217
            ],
            [
              -49.29278870143375,
              -16.527710025232633
            ],
            [
              -49.292788701741195,
              -16.52759776565177
            ],
            [
              -49.292738516221235,
              -16.527553663332007
            ],
            [
              -49.292684148846654,
              -16.527509561135687
            ],
            [
              -49.29185173420217,
              -16.527254375150218
            ],
            [
              -49.29139864093585,
              -16.527184871571578
            ],
            [
              -49.290927421986,
              -16.52715880471461
            ],
            [
              -49.290483390738245,
              -16.527011111290122
            ],
            [
              -49.290066892950826,
              -16.526774320582742
            ],
            [
              -49.28963157402914,
              -16.526429030112787
            ],
            [
              -49.28852601557005,
              -16.525707926531997
            ],
            [
              -49.28824509366547,
              -16.52544728599752
            ],
            [
              -49.28792792090116,
              -16.52529089450852
            ],
            [
              -49.28762887009553,
              -16.525247443736948
            ],
            [
              -49.28727544204447,
              -16.525325617651834
            ],
            [
              -49.286994509487634,
              -16.525508047778867
            ],
            [
              -49.28674965324792,
              -16.525738894118483
            ],
            [
              -49.28658669663088,
              -16.526081420094926
            ],
            [
              -49.286260443272795,
              -16.526463665603742
            ],
            [
              -49.286015742354614,
              -16.527071795362094
            ],
            [
              -49.286006667032076,
              -16.527523555566432
            ],
            [
              -49.28591603229341,
              -16.527827621337785
            ],
            [
              -49.2857484657037,
              -16.528090036512843
            ],
            [
              -49.285221224848364,
              -16.52857952305881
            ],
            [
              -49.28513059525065,
              -16.528840146971852
            ],
            [
              -49.285139646380344,
              -16.529126837054026
            ],
            [
              -49.285329922948456,
              -16.52995216369093
            ],
            [
              -49.28536615393051,
              -16.53038654264053
            ],
            [
              -49.285332011021694,
              -16.530840185834954
            ],
            [
              -49.28515767454959,
              -16.53142035707313
            ],
            [
              -49.284849540544585,
              -16.531689663893346
            ],
            [
              -49.28447797197736,
              -16.531846030534194
            ],
            [
              -49.28419703523689,
              -16.531819959269786
            ],
            [
              -49.28390909259289,
              -16.531620106191035
            ],
            [
              -49.28332008181773,
              -16.531107516848596
            ],
            [
              -49.2827763763414,
              -16.530742616977328
            ],
            [
              -49.28198799528718,
              -16.530369015698696
            ],
            [
              -49.281190547037745,
              -16.53003016017828
            ],
            [
              -49.28005047112395,
              -16.529524139396152
            ],
            [
              -49.279568456432756,
              -16.529152614180045
            ],
            [
              -49.27916163675216,
              -16.52869366876564
            ],
            [
              -49.27883445940509,
              -16.528205605031264
            ],
            [
              -49.278067206635676,
              -16.52748566745017
            ],
            [
              -49.27766220019951,
              -16.527108150910827
            ],
            [
              -49.27715225475706,
              -16.526723076977852
            ],
            [
              -49.27665392399302,
              -16.52585428923986
            ],
            [
              -49.27625527787839,
              -16.524942069243295
            ],
            [
              -49.276046905186845,
              -16.52433392452274
            ],
            [
              -49.27582044055876,
              -16.52330876782055
            ],
            [
              -49.27555569439026,
              -16.52243375002815
            ],
            [
              -49.275175190389184,
              -16.521512844483485
            ],
            [
              -49.27464064538647,
              -16.5205397964914
            ],
            [
              -49.274178582570286,
              -16.519697057509017
            ],
            [
              -49.27357150593048,
              -16.51914967634026
            ],
            [
              -49.27311843696893,
              -16.51900193887928
            ],
            [
              -49.27254755325264,
              -16.518984501929797
            ],
            [
              -49.27184070800197,
              -16.519297180242194
            ],
            [
              -49.271179175718515,
              -16.519496920667066
            ],
            [
              -49.27090731630684,
              -16.519514262700486
            ],
            [
              -49.270635469092596,
              -16.519401289188156
            ],
            [
              -49.270300212350506,
              -16.519010294777384
            ],
            [
              -49.27010378442551,
              -16.51855063134309
            ],
            [
              -49.26986234465882,
              -16.5183538297143
            ],
            [
              -49.2695605319891,
              -16.51824962243143
            ],
            [
              -49.2691957474587,
              -16.518289982724223
            ],
            [
              -49.268956846210564,
              -16.51852735025326
            ],
            [
              -49.268582570515,
              -16.518619907722933
            ],
            [
              -49.26812379537369,
              -16.518608279709216
            ],
            [
              -49.267713325711846,
              -16.518504057851352
            ],
            [
              -49.267278717459114,
              -16.51834195778859
            ],
            [
              -49.267085599945375,
              -16.517971538616884
            ],
            [
              -49.26692873474069,
              -16.517369628092833
            ],
            [
              -49.26671146921422,
              -16.517022357660007
            ],
            [
              -49.26633723890063,
              -16.51680239224183
            ],
            [
              -49.2661466693172,
              -16.516606524140865
            ],
            [
              -49.2658689276868,
              -16.51617251854375
            ],
            [
              -49.26564923333224,
              -16.515725853843946
            ],
            [
              -49.26545610033948,
              -16.515494334034965
            ],
            [
              -49.26511794677113,
              -16.51543275861179
            ],
            [
              -49.26461388734914,
              -16.51555101177733
            ],
            [
              -49.26430911745443,
              -16.515783554102736
            ],
            [
              -49.26406861535221,
              -16.51613280747345
            ],
            [
              -49.26387441466638,
              -16.516211765150114
            ],
            [
              -49.26357259189365,
              -16.51615385072317
            ],
            [
              -49.263367387502534,
              -16.515899176776266
            ],
            [
              -49.263255977254275,
              -16.51547187098308
            ],
            [
              -49.26316347224903,
              -16.514909666022998
            ],
            [
              -49.26300892514869,
              -16.51441302338565
            ],
            [
              -49.2628755619038,
              -16.513972654340442
            ],
            [
              -49.262762459106916,
              -16.513587987356686
            ],
            [
              -49.26262277437328,
              -16.513290221639963
            ],
            [
              -49.262345118636404,
              -16.51319758452199
            ],
            [
              -49.262031221529654,
              -16.513255411719445
            ],
            [
              -49.26166906026946,
              -16.5131396123054
            ],
            [
              -49.26141559761159,
              -16.512757609118967
            ],
            [
              -49.26127081208336,
              -16.512225151338537
            ],
            [
              -49.26117431079143,
              -16.511738998820814
            ],
            [
              -49.26116612091287,
              -16.511221317552486
            ],
            [
              -49.2613797475027,
              -16.51047738300846
            ],
            [
              -49.261597191472426,
              -16.50959772860661
            ],
            [
              -49.26169394790447,
              -16.508540805277587
            ],
            [
              -49.261561275289154,
              -16.507776853770228
            ],
            [
              -49.26128372475176,
              -16.507070750977775
            ],
            [
              -49.260776821635226,
              -16.506225707512176
            ],
            [
              -49.260052659885716,
              -16.50509124000219
            ],
            [
              -49.25939238459011,
              -16.504013906182696
            ],
            [
              -49.25868032977148,
              -16.502856309528322
            ],
            [
              -49.258137200186965,
              -16.502184873334702
            ],
            [
              -49.25765844539829,
              -16.50185133697929
            ],
            [
              -49.25616478123966,
              -16.50117450636176
            ],
            [
              -49.255023687942455,
              -16.50065701315832
            ],
            [
              -49.25418494725415,
              -16.500315781499065
            ],
            [
              -49.25387110242337,
              -16.50017682367481
            ],
            [
              -49.25341243030827,
              -16.499829488658282
            ],
            [
              -49.25317105542612,
              -16.4994821921159
            ],
            [
              -49.252637847817255,
              -16.49898529783266
            ],
            [
              -49.252482510566985,
              -16.498883421110698
            ],
            [
              -49.252445892481255,
              -16.498637289572006
            ],
            [
              -49.25251199070819,
              -16.49820131257429
            ],
            [
              -49.252490663744844,
              -16.4978774283091
            ],
            [
              -49.25233377183806,
              -16.497680627043778
            ],
            [
              -49.252213125191105,
              -16.497344935934354
            ],
            [
              -49.25223355682209,
              -16.49692843388653
            ],
            [
              -49.252233659748036,
              -16.496408038025574
            ],
            [
              -49.252101764387994,
              -16.495866541969328
            ],
            [
              -49.25202441076052,
              -16.49562440823799
            ],
            [
              -49.25200814126739,
              -16.495546326620218
            ],
            [
              -49.25207005868405,
              -16.495449062754783
            ],
            [
              -49.25220987251255,
              -16.495418453976416
            ],
            [
              -49.25229319534873,
              -16.495319953852402
            ],
            [
              -49.25227694049694,
              -16.495171600497716
            ],
            [
              -49.25223791771715,
              -16.495031637834433
            ],
            [
              -49.25218708959053,
              -16.494844549953392
            ],
            [
              -49.252194554004475,
              -16.494758870996364
            ],
            [
              -49.25226195734095,
              -16.494709949952473
            ],
            [
              -49.25241053099179,
              -16.494616113038926
            ],
            [
              -49.2524552242684,
              -16.49454472186915
            ],
            [
              -49.2524457502754,
              -16.49446492411436
            ],
            [
              -49.25239195681654,
              -16.49440904861649
            ],
            [
              -49.25229398322417,
              -16.494392560567707
            ],
            [
              -49.25220953194333,
              -16.49434475315037
            ],
            [
              -49.25216487690302,
              -16.494230504487003
            ],
            [
              -49.25215823360229,
              -16.494128271222365
            ],
            [
              -49.25215427450518,
              -16.493978910961594
            ],
            [
              -49.252210211155806,
              -16.49390999491697
            ],
            [
              -49.25228782277033,
              -16.493844969472608
            ],
            [
              -49.25229900061785,
              -16.493809271362917
            ],
            [
              -49.25225942771553,
              -16.49375510511427
            ],
            [
              -49.252134352951146,
              -16.493752950919582
            ],
            [
              -49.252014512404244,
              -16.493775890318286
            ],
            [
              -49.2519785692204,
              -16.493741410428317
            ],
            [
              -49.25195862337243,
              -16.493622679282456
            ],
            [
              -49.25187077319257,
              -16.49348094390289
            ],
            [
              -49.25169500911462,
              -16.493457899975194
            ],
            [
              -49.25155072522706,
              -16.4933914378851
            ],
            [
              -49.25134223587679,
              -16.493352126452173
            ],
            [
              -49.251193324274205,
              -16.493277127568817
            ],
            [
              -49.25104815405198,
              -16.49312358987668
            ],
            [
              -49.25100401803048,
              -16.49303256901837
            ],
            [
              -49.25102406346433,
              -16.4927346517546
            ],
            [
              -49.251016105969015,
              -16.492585274357946
            ],
            [
              -49.250972215957745,
              -16.49241674642995
            ],
            [
              -49.25102419679199,
              -16.49226739591168
            ],
            [
              -49.25117828308289,
              -16.492160287946504
            ],
            [
              -49.251227161585746,
              -16.49205879549423
            ],
            [
              -49.251216036812906,
              -16.49196107189032
            ],
            [
              -49.25105229650036,
              -16.491853801868306
            ],
            [
              -49.25096046205686,
              -16.49170824843184
            ],
            [
              -49.25088868711317,
              -16.491270295447364
            ],
            [
              -49.25095052347876,
              -16.49105152177337
            ],
            [
              -49.25108859972648,
              -16.4909121571588
            ],
            [
              -49.25120046495059,
              -16.490755161854075
            ],
            [
              -49.251211211766574,
              -16.49051282485174
            ],
            [
              -49.251240488158196,
              -16.490310958848163
            ],
            [
              -49.25120060608404,
              -16.490012291859394
            ],
            [
              -49.25106485782771,
              -16.489843800109565
            ],
            [
              -49.25081327464781,
              -16.489809285216513
            ],
            [
              -49.250429663640816,
              -16.48976310024845
            ],
            [
              -49.25028310953064,
              -16.48968499046326
            ],
            [
              -49.250193541551766,
              -16.489669355423892
            ],
            [
              -49.25011843122543,
              -16.489732573957934
            ],
            [
              -49.25007044289551,
              -16.4898971858861
            ],
            [
              -49.249946572371385,
              -16.49008477506541
            ],
            [
              -49.24982671067189,
              -16.49021876646213
            ],
            [
              -49.249599018307144,
              -16.49034508433698
            ],
            [
              -49.2494035024992,
              -16.490504648818288
            ],
            [
              -49.249346445792675,
              -16.49076229959306
            ],
            [
              -49.24933010953796,
              -16.49098872604706
            ],
            [
              -49.249343097601674,
              -16.491206699497027
            ],
            [
              -49.24924319191435,
              -16.491379023764875
            ],
            [
              -49.2491073600842,
              -16.491490063038743
            ],
            [
              -49.248903651553086,
              -16.491535977631493
            ],
            [
              -49.24864006333155,
              -16.491535915649642
            ],
            [
              -49.24848826307768,
              -16.49157801468745
            ],
            [
              -49.24844828298253,
              -16.491650780017313
            ],
            [
              -49.248476210266276,
              -16.491715898171634
            ],
            [
              -49.248699881560064,
              -16.491735094192485
            ],
            [
              -49.248731783423764,
              -16.491846179573546
            ],
            [
              -49.24869369834909,
              -16.491963060393893
            ],
            [
              -49.24858214752389,
              -16.4920437965213
            ],
            [
              -49.24845910895685,
              -16.492115489399055
            ],
            [
              -49.24836369447125,
              -16.492123092298478
            ],
            [
              -49.248286571515614,
              -16.49204373542098
            ],
            [
              -49.24819871642595,
              -16.491963290998864
            ],
            [
              -49.24809339595407,
              -16.491962932845407
            ],
            [
              -49.248021823329495,
              -16.49201628432307
            ],
            [
              -49.24802975019302,
              -16.492123021204723
            ],
            [
              -49.24805356682217,
              -16.492283128394853
            ],
            [
              -49.24803085442161,
              -16.49240369276164
            ],
            [
              -49.24796605255441,
              -16.492508014849623
            ],
            [
              -49.24788255167809,
              -16.492568988847584
            ],
            [
              -49.247779184542054,
              -16.492580402355873
            ],
            [
              -49.24770367658939,
              -16.492462215739394
            ],
            [
              -49.247604357920935,
              -16.492161048950955
            ],
            [
              -49.247536802629135,
              -16.492039051404422
            ],
            [
              -49.24741986684136,
              -16.491970805236893
            ],
            [
              -49.247067724073446,
              -16.491867409492297
            ],
            [
              -49.24686497256136,
              -16.491852116427363
            ],
            [
              -49.24672184220313,
              -16.491886391685195
            ],
            [
              -49.24651905843222,
              -16.492000706461795
            ],
            [
              -49.246360032111404,
              -16.492004482193067
            ],
            [
              -49.24630953911889,
              -16.491932266245545
            ],
            [
              -49.2462816289784,
              -16.491740775513755
            ],
            [
              -49.24635355348184,
              -16.491641223505738
            ],
            [
              -49.24658526703533,
              -16.491442142208705
            ],
            [
              -49.24680902028329,
              -16.49112435381253
            ],
            [
              -49.246876978984695,
              -16.49088311249486
            ],
            [
              -49.24690497720167,
              -16.490722282022038
            ],
            [
              -49.24701292096133,
              -16.490307651485203
            ],
            [
              -49.247124170919584,
              -16.489947574320084
            ],
            [
              -49.247290986936974,
              -16.489609446795527
            ],
            [
              -49.2474588141998,
              -16.489306969919085
            ],
            [
              -49.24753076474069,
              -16.489084891783207
            ],
            [
              -49.24752681147495,
              -16.488954705225098
            ],
            [
              -49.24745095719127,
              -16.4888474660548
            ],
            [
              -49.24727920341898,
              -16.4888320746396
            ],
            [
              -49.247091478211445,
              -16.48882435128386
            ],
            [
              -49.24690376981576,
              -16.488732379526823
            ],
            [
              -49.24663022112429,
              -16.48833939150065
            ],
            [
              -49.246550403545335,
              -16.488071299451512
            ],
            [
              -49.246502534611174,
              -16.48781470115818
            ],
            [
              -49.246450644211485,
              -16.487692143438014
            ],
            [
              -49.24635481462675,
              -16.48760787154283
            ],
            [
              -49.246055257068555,
              -16.487634599109125
            ],
            [
              -49.24572777137372,
              -16.48764219415601
            ],
            [
              -49.245565771323626,
              -16.487501473115216
            ],
            [
              -49.24547304179969,
              -16.487226419279374
            ],
            [
              -49.24533641209975,
              -16.486983986431788
            ],
            [
              -49.245105393180665,
              -16.486519737262714
            ],
            [
              -49.24475010675576,
              -16.486029535496293
            ],
            [
              -49.244634420505406,
              -16.485562365268198
            ],
            [
              -49.24461854976679,
              -16.485167984116075
            ],
            [
              -49.244563932659545,
              -16.484424815558626
            ],
            [
              -49.24443108168225,
              -16.48415166401806
            ],
            [
              -49.244247469451295,
              -16.483982663971393
            ],
            [
              -49.24402782830544,
              -16.483948124164094
            ],
            [
              -49.243460780631764,
              -16.483921186969756
            ],
            [
              -49.24300153589239,
              -16.483855965399282
            ],
            [
              -49.24272202033711,
              -16.48382527245362
            ],
            [
              -49.24203541638676,
              -16.483612129683035
            ],
            [
              -49.241496405341536,
              -16.483301829738785
            ],
            [
              -49.24108517016916,
              -16.483033683152254
            ],
            [
              -49.24081724171329,
              -16.48264304781673
            ],
            [
              -49.240693517254975,
              -16.48242093014297
            ],
            [
              -49.24009014286894,
              -16.481978064026297
            ],
            [
              -49.239798797119406,
              -16.481591282614637
            ],
            [
              -49.23928389790181,
              -16.48119298982526
            ],
            [
              -49.23874029826302,
              -16.480982296633332
            ],
            [
              -49.238141883741676,
              -16.48075822037098
            ],
            [
              -49.23726824936123,
              -16.48076092025429
            ],
            [
              -49.236551756277315,
              -16.480899479069073
            ],
            [
              -49.236324937984236,
              -16.480899418102336
            ],
            [
              -49.23598893021533,
              -16.48082682670779
            ],
            [
              -49.23568658737714,
              -16.48054479955507
            ],
            [
              -49.235510271986,
              -16.48019836254568
            ],
            [
              -49.23537596571551,
              -16.479835823526123
            ],
            [
              -49.235384526428035,
              -16.47927998829847
            ],
            [
              -49.23549385183578,
              -16.478877236810217
            ],
            [
              -49.23587197711672,
              -16.47854706065876
            ],
            [
              -49.236107273587656,
              -16.47827323268565
            ],
            [
              -49.23621658763231,
              -16.47794908081075
            ],
            [
              -49.23622508509119,
              -16.477610746942744
            ],
            [
              -49.236090748515174,
              -16.477352928971445
            ],
            [
              -49.23572122180092,
              -16.47699837566218
            ],
            [
              -49.2354883920464,
              -16.47661739704716
            ],
            [
              -49.23521491254681,
              -16.475701337490722
            ],
            [
              -49.23500266180366,
              -16.474767432995222
            ],
            [
              -49.23483100277231,
              -16.474033237726644
            ],
            [
              -49.23470879512919,
              -16.4736925050851
            ],
            [
              -49.23458655672705,
              -16.47345590923889
            ],
            [
              -49.23454001362502,
              -16.47328833909257
            ],
            [
              -49.2344586376461,
              -16.472746548692275
            ],
            [
              -49.23441800186931,
              -16.472299886312175
            ],
            [
              -49.234313273821755,
              -16.47194240292505
            ],
            [
              -49.23409784979372,
              -16.47170217810592
            ],
            [
              -49.23381832375547,
              -16.47157922417464
            ],
            [
              -49.23348633493366,
              -16.471601471107935
            ],
            [
              -49.233078588037216,
              -16.471763327260806
            ],
            [
              -49.232746555076154,
              -16.47192520362469
            ],
            [
              -49.232280580633656,
              -16.472031187130167
            ],
            [
              -49.231639898497946,
              -16.472053339085686
            ],
            [
              -49.23101670931689,
              -16.471991714298312
            ],
            [
              -49.23031198099738,
              -16.47190213481265
            ],
            [
              -49.22964510180294,
              -16.471790247825094
            ],
            [
              -49.229353932142935,
              -16.47165611292652
            ],
            [
              -49.228829905983346,
              -16.471164445927364
            ],
            [
              -49.22837482471569,
              -16.470523679348602
            ],
            [
              -49.22773727343974,
              -16.469587226850745
            ],
            [
              -49.22724229792835,
              -16.468463053280225
            ],
            [
              -49.22723900377585,
              -16.46814229703629
            ],
            [
              -49.22713253488426,
              -16.46735482675785
            ],
            [
              -49.22693739390021,
              -16.467017721458138
            ],
            [
              -49.226682911108306,
              -16.466798573832534
            ],
            [
              -49.22621255947255,
              -16.4666480684896
            ],
            [
              -49.22549264275483,
              -16.46660531061322
            ],
            [
              -49.22490687259233,
              -16.466605116385033
            ],
            [
              -49.2244562447601,
              -16.46675774420448
            ],
            [
              -49.22407356009296,
              -16.46721651394996
            ],
            [
              -49.22381818688004,
              -16.467649755231815
            ],
            [
              -49.22355672656841,
              -16.467850168248496
            ],
            [
              -49.22327334353064,
              -16.467891714903214
            ],
            [
              -49.22308139612724,
              -16.467825654320592
            ],
            [
              -49.22296911287102,
              -16.467822143280536
            ],
            [
              -49.222867670143266,
              -16.467888107010594
            ],
            [
              -49.22283524668025,
              -16.468060453938712
            ],
            [
              -49.22279511614485,
              -16.468197225337207
            ],
            [
              -49.22257406014784,
              -16.468492401489247
            ],
            [
              -49.22230955649269,
              -16.46873545917821
            ],
            [
              -49.22220449818927,
              -16.468780579331963
            ],
            [
              -49.2221465596519,
              -16.468738878087503
            ],
            [
              -49.22213001983742,
              -16.46865144121887
            ],
            [
              -49.22215355351451,
              -16.468561302972404
            ],
            [
              -49.222231904713986,
              -16.46852001249727
            ],
            [
              -49.222282844897904,
              -16.468459931346242
            ],
            [
              -49.222282901544524,
              -16.468305930951118
            ],
            [
              -49.22230253104973,
              -16.468181985313812
            ],
            [
              -49.22234566992996,
              -16.468031756459798
            ],
            [
              -49.222341816555264,
              -16.46785897336295
            ],
            [
              -49.22230220583045,
              -16.467689334066712
            ],
            [
              -49.2220420835997,
              -16.46718964992768
            ],
            [
              -49.22191901183739,
              -16.46697077410365
            ],
            [
              -49.22191180621393,
              -16.466863091954107
            ],
            [
              -49.22191552440674,
              -16.46665797788923
            ],
            [
              -49.221868989776816,
              -16.466456825172408
            ],
            [
              -49.22179338775936,
              -16.46608246200774
            ],
            [
              -49.22165960809155,
              -16.46547341458325
            ],
            [
              -49.22164518548157,
              -16.46496276707267
            ],
            [
              -49.221796152779426,
              -16.463832979497905
            ],
            [
              -49.22179075450605,
              -16.46356950088966
            ],
            [
              -49.22170842558944,
              -16.463316535324953
            ],
            [
              -49.22153814419491,
              -16.46315839216731
            ],
            [
              -49.2212277124008,
              -16.463118032931344
            ],
            [
              -49.22077437752451,
              -16.46312124615996
            ],
            [
              -49.22064253073723,
              -16.46304742789655
            ],
            [
              -49.22058212946137,
              -16.462936747381978
            ],
            [
              -49.22053793866298,
              -16.462706769535096
            ],
            [
              -49.22050544480832,
              -16.46229383750823
            ],
            [
              -49.2204011407351,
              -16.462035592931663
            ],
            [
              -49.22024677285257,
              -16.46172278898629
            ],
            [
              -49.22001833337349,
              -16.461399690284416
            ],
            [
              -49.219555905803055,
              -16.461132509330145
            ],
            [
              -49.219075094970954,
              -16.460971916431482
            ],
            [
              -49.21853892135541,
              -16.460810804688876
            ],
            [
              -49.218105920794166,
              -16.460637600366955
            ],
            [
              -49.217769207762494,
              -16.460325989975885
            ],
            [
              -49.217516752913475,
              -16.459875967422168
            ],
            [
              -49.21726436175881,
              -16.459252892366163
            ],
            [
              -49.21701834899708,
              -16.458114058183835
            ],
            [
              -49.216726382192775,
              -16.457180337700255
            ],
            [
              -49.21655812937938,
              -16.456776500056446
            ],
            [
              -49.21634172261409,
              -16.456464935249215
            ],
            [
              -49.216089165074465,
              -16.456314866856108
            ],
            [
              -49.21581250828744,
              -16.45626861728981
            ],
            [
              -49.21524714370096,
              -16.456222257800388
            ],
            [
              -49.21487430698429,
              -16.456025993644023
            ],
            [
              -49.21470923099835,
              -16.455687095249818
            ],
            [
              -49.21442718251816,
              -16.455215800250453
            ],
            [
              -49.21423299710964,
              -16.454708829294685
            ],
            [
              -49.21409877098224,
              -16.454440377629755
            ],
            [
              -49.21401861621155,
              -16.454362567735593
            ],
            [
              -49.21386302958369,
              -16.454332123899615
            ],
            [
              -49.21374192678407,
              -16.454263592166363
            ],
            [
              -49.213705105733744,
              -16.454161945981706
            ],
            [
              -49.21368299857262,
              -16.453991865812267
            ],
            [
              -49.21369239211365,
              -16.453785597160532
            ],
            [
              -49.21347276998733,
              -16.453746099524274
            ],
            [
              -49.21337586794157,
              -16.453739280498105
            ],
            [
              -49.21328974789372,
              -16.45375310464054
            ],
            [
              -49.213160586463474,
              -16.453808260704633
            ],
            [
              -49.21192291994185,
              -16.454425122359627
            ],
            [
              -49.21171129280202,
              -16.454542257689
            ],
            [
              -49.21163597200204,
              -16.45458704128338
            ],
            [
              -49.21157140042036,
              -16.45461117104434
            ],
            [
              -49.211506819202405,
              -16.45462153660437
            ],
            [
              -49.2114135233695,
              -16.454618152295424
            ],
            [
              -49.21041234020168,
              -16.454405420032426
            ],
            [
              -49.21033796285667,
              -16.454398160307868
            ],
            [
              -49.21002932738332,
              -16.454352246610025
            ],
            [
              -49.208364886447974,
              -16.454774499483555
            ],
            [
              -49.20815833933595,
              -16.45480849447895
            ],
            [
              -49.206712694267985,
              -16.455053709462117
            ],
            [
              -49.206526158238226,
              -16.455081352566417
            ],
            [
              -49.20642571925825,
              -16.455105501687118
            ],
            [
              -49.206325292344665,
              -16.455143412213502
            ],
            [
              -49.20607048912154,
              -16.45523650313048
            ],
            [
              -49.204392133408206,
              -16.455887232329964
            ],
            [
              -49.204014613138426,
              -16.45605342413439
            ],
            [
              -49.2032398455061,
              -16.456470978475963
            ],
            [
              -49.202784995045974,
              -16.456576633117404
            ],
            [
              -49.202349638552825,
              -16.45658726597899
            ],
            [
              -49.20185894810729,
              -16.456739431520155
            ],
            [
              -49.20156594780042,
              -16.456992770310052
            ],
            [
              -49.20117118176879,
              -16.45724754457875
            ],
            [
              -49.20099778055353,
              -16.45736077644766
            ],
            [
              -49.20049601954129,
              -16.457530629512647
            ],
            [
              -49.19995437258836,
              -16.45776117668791
            ],
            [
              -49.199435271008156,
              -16.457834944687207
            ],
            [
              -49.19882389153048,
              -16.45797508899874
            ],
            [
              -49.19844707241929,
              -16.458262728529427
            ],
            [
              -49.1982701992629,
              -16.458421298130204
            ],
            [
              -49.19817792049098,
              -16.458683117653255
            ],
            [
              -49.1979510617228,
              -16.458922812717255
            ],
            [
              -49.197804948219044,
              -16.459015005028537
            ],
            [
              -49.19755501435658,
              -16.459040821066086
            ],
            [
              -49.19744350596698,
              -16.459051885263893
            ],
            [
              -49.197151277062396,
              -16.45921045515651
            ],
            [
              -49.19692441435984,
              -16.459295272278613
            ],
            [
              -49.19653989864113,
              -16.459343214158825
            ],
            [
              -49.196306046938815,
              -16.459501460304907
            ],
            [
              -49.19612456418144,
              -16.459655424827606
            ],
            [
              -49.19587677050294,
              -16.459806041260038
            ],
            [
              -49.19557313735366,
              -16.459879675640547
            ],
            [
              -49.19517178414091,
              -16.45986963615009
            ],
            [
              -49.19462036345885,
              -16.459839514510385
            ],
            [
              -49.19417125104918,
              -16.459873936315464
            ],
            [
              -49.19314709740414,
              -16.459893444658565
            ],
            [
              -49.1923467633754,
              -16.45993246483054
            ],
            [
              -49.192159608086115,
              -16.459935088658128
            ],
            [
              -49.19204849418325,
              -16.459938590898656
            ],
            [
              -49.19193737937775,
              -16.45993865479131
            ],
            [
              -49.19179041040341,
              -16.45992498765123
            ],
            [
              -49.19129892940343,
              -16.45982767714927
            ],
            [
              -49.19118062873943,
              -16.459803683839137
            ],
            [
              -49.191094597532405,
              -16.459793422229087
            ],
            [
              -49.19100857277519,
              -16.45979347276707
            ],
            [
              -49.19091538785308,
              -16.4598072787092
            ],
            [
              -49.19080788352946,
              -16.45984859277602
            ],
            [
              -49.19070756503385,
              -16.45991740007604
            ],
            [
              -49.19009859993562,
              -16.46046430984337
            ],
            [
              -49.18997681863505,
              -16.460591558217384
            ],
            [
              -49.189865801499124,
              -16.46072223659299
            ],
            [
              -49.189733331272,
              -16.46090791903823
            ],
            [
              -49.18950065789214,
              -16.46124830174115
            ],
            [
              -49.18941769147442,
              -16.46139184493456
            ],
            [
              -49.1893389294742,
              -16.461519053533102
            ],
            [
              -49.189274478849505,
              -16.46160844910849
            ],
            [
              -49.189186054238895,
              -16.461718133322933
            ],
            [
              -49.18910007536308,
              -16.461817848207392
            ],
            [
              -49.18891378615273,
              -16.462013838545015
            ],
            [
              -49.188741857903295,
              -16.46216515137402
            ],
            [
              -49.18853409969055,
              -16.462330228953366
            ],
            [
              -49.18776459052183,
              -16.462894912311945
            ],
            [
              -49.18770010356757,
              -16.462936191027556
            ],
            [
              -49.18764996450667,
              -16.46299120509606
            ],
            [
              -49.18737422480148,
              -16.463407189389088
            ],
            [
              -49.18732409213494,
              -16.463462197087853
            ],
            [
              -49.18727036678033,
              -16.463500025689942
            ],
            [
              -49.18721663162044,
              -16.46352067277074
            ],
            [
              -49.18526446157657,
              -16.464095458412373
            ],
            [
              -49.185170673806816,
              -16.464126305817196
            ],
            [
              -49.18508472619407,
              -16.464171013951205
            ],
            [
              -49.18442591318742,
              -16.464662594732506
            ],
            [
              -49.18422181764975,
              -16.464806978303137
            ],
            [
              -49.18405351815338,
              -16.464923863192585
            ],
            [
              -49.18387087454484,
              -16.465023583108863
            ],
            [
              -49.18372402923133,
              -16.465071755592454
            ],
            [
              -49.183567129372854,
              -16.46510361901194
            ],
            [
              -49.181926612244226,
              -16.46534494555619
            ],
            [
              -49.18172963183454,
              -16.465365655945064
            ],
            [
              -49.18161144759316,
              -16.465389762094304
            ],
            [
              -49.18148252304108,
              -16.46543104935463
            ],
            [
              -49.18098476632822,
              -16.46563740831048
            ],
            [
              -49.18089596556378,
              -16.46566285992054
            ],
            [
              -49.18079566752842,
              -16.465669785065256
            ],
            [
              -49.18071326879082,
              -16.465649219510762
            ],
            [
              -49.179355370697046,
              -16.464901128779605
            ],
            [
              -49.17911373622085,
              -16.464757657284103
            ],
            [
              -49.178916682244605,
              -16.464658154585187
            ],
            [
              -49.17871606056246,
              -16.46457239360402
            ],
            [
              -49.17857277071107,
              -16.46452438443556
            ],
            [
              -49.17839367820224,
              -16.464493566806986
            ],
            [
              -49.17825400488134,
              -16.46450050883769
            ],
            [
              -49.177133205954235,
              -16.464662523816152
            ],
            [
              -49.17697963971475,
              -16.464668731405258
            ],
            [
              -49.17682196213879,
              -16.4646436244569
            ],
            [
              -49.17671024817134,
              -16.46458698109348
            ],
            [
              -49.17657882373271,
              -16.464524049497335
            ],
            [
              -49.176440857866204,
              -16.464505225947466
            ],
            [
              -49.17629634571523,
              -16.46452421128185
            ],
            [
              -49.17608927808377,
              -16.46450403395249
            ],
            [
              -49.17579884971009,
              -16.46441980955346
            ],
            [
              -49.17531092925933,
              -16.464428522334213
            ],
            [
              -49.175442379255955,
              -16.46550939457119
            ],
            [
              -49.17369853481762,
              -16.467105749128915
            ],
            [
              -49.17397616165088,
              -16.468615345234316
            ],
            [
              -49.17436657467527,
              -16.472007599371622
            ],
            [
              -49.17429716743524,
              -16.473083403552778
            ],
            [
              -49.173759265563795,
              -16.47421993862413
            ],
            [
              -49.17355746611612,
              -16.47442870524765
            ],
            [
              -49.17412380272943,
              -16.475394380175366
            ],
            [
              -49.1737012282057,
              -16.475738538316453
            ],
            [
              -49.17333601444944,
              -16.476026788964617
            ],
            [
              -49.17298096517791,
              -16.47643411528451
            ],
            [
              -49.17232822735476,
              -16.47719140740732
            ],
            [
              -49.17204070310574,
              -16.47792328795471
            ],
            [
              -49.17180079775389,
              -16.478631356229254
            ],
            [
              -49.171838565870054,
              -16.47921135944144
            ],
            [
              -49.1721023766094,
              -16.48019053067794
            ],
            [
              -49.174428026172244,
              -16.482626053247582
            ],
            [
              -49.174587035634815,
              -16.482849683221474
            ],
            [
              -49.17947664475944,
              -16.483407653930545
            ],
            [
              -49.18198402984888,
              -16.484480321407844
            ],
            [
              -49.182844686610316,
              -16.48506979886767
            ],
            [
              -49.18395192172838,
              -16.4860653693343
            ],
            [
              -49.184274791634344,
              -16.48646650515611
            ],
            [
              -49.18462567004767,
              -16.48704310123697
            ],
            [
              -49.18564254085545,
              -16.48754662155325
            ],
            [
              -49.18693115488726,
              -16.48795611862142
            ],
            [
              -49.18878609014755,
              -16.488028026279924
            ],
            [
              -49.190156913093475,
              -16.487537201596876
            ],
            [
              -49.19079295282402,
              -16.487650468601718
            ],
            [
              -49.19116635525257,
              -16.487919994566766
            ],
            [
              -49.19193649599357,
              -16.488172315651262
            ],
            [
              -49.19296395492391,
              -16.488377303681226
            ],
            [
              -49.19335113347072,
              -16.488556885841785
            ],
            [
              -49.19372357082322,
              -16.488871276751652
            ],
            [
              -49.19400464796235,
              -16.48937069692287
            ],
            [
              -49.19419171817361,
              -16.49012157067536
            ],
            [
              -49.19425241343184,
              -16.490514328308866
            ],
            [
              -49.19442615970549,
              -16.4908136020362
            ],
            [
              -49.19473707607987,
              -16.491068289589684
            ],
            [
              -49.19499913444232,
              -16.491095302614397
            ],
            [
              -49.195128663097286,
              -16.491140546123148
            ],
            [
              -49.19521133744381,
              -16.491257302577253
            ],
            [
              -49.19536759387147,
              -16.491906062717373
            ],
            [
              -49.19548339659644,
              -16.49231966336023
            ],
            [
              -49.19577095488289,
              -16.493122564615035
            ],
            [
              -49.19597626376569,
              -16.493729777263106
            ],
            [
              -49.19599767203133,
              -16.49440615314619
            ],
            [
              -49.195932392374495,
              -16.49515755868447
            ],
            [
              -49.19580076030684,
              -16.49629655621231
            ],
            [
              -49.195717232633726,
              -16.49693883184992
            ],
            [
              -49.19565530347309,
              -16.497894940409292
            ],
            [
              -49.19557908729665,
              -16.49867840270311
            ],
            [
              -49.19547935092676,
              -16.49926863861854
            ],
            [
              -49.19531118303561,
              -16.49969225336713
            ],
            [
              -49.19437686987133,
              -16.501228583892498
            ],
            [
              -49.194270584263904,
              -16.50142196739977
            ],
            [
              -49.19417548085225,
              -16.501593863587615
            ],
            [
              -49.1940748194861,
              -16.501830209333235
            ],
            [
              -49.19400776243465,
              -16.50207190563928
            ],
            [
              -49.193979873245354,
              -16.502254505698605
            ],
            [
              -49.193968546120765,
              -16.50241182914678
            ],
            [
              -49.19398693946323,
              -16.502548769840104
            ],
            [
              -49.19401266969102,
              -16.502706776753588
            ],
            [
              -49.194163220437346,
              -16.503345826824216
            ],
            [
              -49.19418894328158,
              -16.503486286280584
            ],
            [
              -49.19420730239108,
              -16.50365356930164
            ],
            [
              -49.19421840415059,
              -16.503846707222863
            ],
            [
              -49.194222256099636,
              -16.50416628016105
            ],
            [
              -49.19422965757742,
              -16.50429621588917
            ],
            [
              -49.19425169784704,
              -16.504405072872263
            ],
            [
              -49.19429572562614,
              -16.50452445633835
            ],
            [
              -49.19436540235376,
              -16.504654362671914
            ],
            [
              -49.19445705177073,
              -16.50477723258655
            ],
            [
              -49.19510582435668,
              -16.505419604904485
            ],
            [
              -49.195243365318106,
              -16.50557160781332
            ],
            [
              -49.19531302804638,
              -16.50566991692224
            ],
            [
              -49.19537537573014,
              -16.505789306637293
            ],
            [
              -49.19540842233599,
              -16.50591573822511
            ],
            [
              -49.19541583432037,
              -16.506056230144274
            ],
            [
              -49.195390288987824,
              -16.506214300197875
            ],
            [
              -49.19533544333179,
              -16.506379410310345
            ],
            [
              -49.19525128885404,
              -16.506533996725228
            ],
            [
              -49.19516347189814,
              -16.506688583084777
            ],
            [
              -49.19503902865842,
              -16.506846696112138
            ],
            [
              -49.19486330220377,
              -16.5070118660611
            ],
            [
              -49.19400654447195,
              -16.50784482845619
            ],
            [
              -49.193815369613674,
              -16.508005973740456
            ],
            [
              -49.193515197626596,
              -16.5082620892644
            ],
            [
              -49.193385490689245,
              -16.508379477364315
            ],
            [
              -49.19330398815155,
              -16.508500398780285
            ],
            [
              -49.193267004214974,
              -16.508653292012813
            ],
            [
              -49.19325233620344,
              -16.508916381109064
            ],
            [
              -49.19323673794938,
              -16.50918018143059
            ],
            [
              -49.19322740290333,
              -16.50933846525871
            ],
            [
              -49.19319925337957,
              -16.50958268223479
            ],
            [
              -49.19311950785144,
              -16.510301760736716
            ],
            [
              -49.19309605642377,
              -16.510514315742775
            ],
            [
              -49.1930678575331,
              -16.510681650569584
            ],
            [
              -49.193039627133246,
              -16.510794720126558
            ],
            [
              -49.19295954283088,
              -16.510944002752858
            ],
            [
              -49.19266266461293,
              -16.51136478146337
            ],
            [
              -49.19257508722166,
              -16.51150288275196
            ],
            [
              -49.192490279700934,
              -16.511661209239925
            ],
            [
              -49.19241966032466,
              -16.51187833035772
            ],
            [
              -49.19238204539649,
              -16.51207282218239
            ],
            [
              -49.19236803476279,
              -16.512298951496952
            ],
            [
              -49.19238706967532,
              -16.512570281987824
            ],
            [
              -49.19244386936081,
              -16.512891340051954
            ],
            [
              -49.19271806678245,
              -16.513877091021943
            ],
            [
              -49.19281443037859,
              -16.514167815336005
            ],
            [
              -49.19290894231974,
              -16.51444363378837
            ],
            [
              -49.19296685866983,
              -16.514645499785804
            ],
            [
              -49.19303658508832,
              -16.51489582144627
            ],
            [
              -49.19324111424468,
              -16.515726219325533
            ],
            [
              -49.19326950748487,
              -16.51587092725196
            ],
            [
              -49.19331202916996,
              -16.51597944550744
            ],
            [
              -49.193373409185924,
              -16.516069862960926
            ],
            [
              -49.19350556670313,
              -16.516187375850233
            ],
            [
              -49.19436918394753,
              -16.516774812530855
            ],
            [
              -49.194468300028475,
              -16.5168606845726
            ],
            [
              -49.19452024023637,
              -16.516937540868646
            ],
            [
              -49.194576961358685,
              -16.51710485363997
            ],
            [
              -49.194874043217766,
              -16.518042524055613
            ],
            [
              -49.194902432841985,
              -16.51817819113719
            ],
            [
              -49.19492610812263,
              -16.51831838435463
            ],
            [
              -49.19493092298114,
              -16.518472157677362
            ],
            [
              -49.19489894859702,
              -16.518604824346145
            ],
            [
              -49.194851837398204,
              -16.518704353687465
            ],
            [
              -49.19476699436498,
              -16.518812946329515
            ],
            [
              -49.1945171041892,
              -16.51904375948708
            ],
            [
              -49.19440396780792,
              -16.519179509537658
            ],
            [
              -49.19431443934573,
              -16.519342381535747
            ],
            [
              -49.19424851032547,
              -16.51953238176459
            ],
            [
              -49.19419676009392,
              -16.519744982978683
            ],
            [
              -49.1940887332854,
              -16.520486823607712
            ],
            [
              -49.19404638037741,
              -16.520654206735898
            ],
            [
              -49.19398540288732,
              -16.520794837087205
            ],
            [
              -49.193867525565565,
              -16.520953218368106
            ],
            [
              -49.19373548207837,
              -16.521079942562142
            ],
            [
              -49.19254245001178,
              -16.521985228458735
            ],
            [
              -49.192136894159695,
              -16.522270416486503
            ],
            [
              -49.191882257782915,
              -16.522478635780782
            ],
            [
              -49.19169204961538,
              -16.52268613233215
            ],
            [
              -49.19089523286099,
              -16.52355050344679
            ],
            [
              -49.190668906749465,
              -16.523781315430565
            ],
            [
              -49.19052273698602,
              -16.52392613889721
            ],
            [
              -49.19044257067309,
              -16.523989506806398
            ],
            [
              -49.190315226090675,
              -16.524066474475603
            ],
            [
              -49.18963598754428,
              -16.524356343283152
            ],
            [
              -49.18936589793956,
              -16.52449421854744
            ],
            [
              -49.188981939862394,
              -16.52468459694306
            ],
            [
              -49.18875023934768,
              -16.52487497730089
            ],
            [
              -49.188571493519404,
              -16.525135166634485
            ],
            [
              -49.18843908663827,
              -16.525376318436702
            ],
            [
              -49.18830668633741,
              -16.525503236961793
            ],
            [
              -49.18811471135866,
              -16.525573037655047
            ],
            [
              -49.18783006565528,
              -16.525585718593177
            ],
            [
              -49.187512321297696,
              -16.52561743646001
            ],
            [
              -49.187254148917276,
              -16.525744348294893
            ],
            [
              -49.18706879195793,
              -16.525883955447537
            ],
            [
              -49.1868834400116,
              -16.525953754619994
            ],
            [
              -49.18663851196024,
              -16.525991818911912
            ],
            [
              -49.186453163822776,
              -16.52597911772551
            ],
            [
              -49.18625457883717,
              -16.525934684804643
            ],
            [
              -49.18611556645256,
              -16.525960062120625
            ],
            [
              -49.18598316937867,
              -16.526055246801754
            ],
            [
              -49.18578456886953,
              -16.526277350517166
            ],
            [
              -49.18561906966406,
              -16.526435995378343
            ],
            [
              -49.185446955325624,
              -16.52651848564022
            ],
            [
              -49.18524174696428,
              -16.52652481971232
            ],
            [
              -49.185109352591994,
              -16.526562889073265
            ],
            [
              -49.184936965047484,
              -16.52667628732214
            ],
            [
              -49.18476609579704,
              -16.526782968499326
            ],
            [
              -49.18454754664521,
              -16.526896465539444
            ],
            [
              -49.18447384072233,
              -16.527000734882325
            ],
            [
              -49.1844672136133,
              -16.527108619279673
            ],
            [
              -49.1845069198982,
              -16.52727996715115
            ],
            [
              -49.184420858290416,
              -16.527381500375505
            ],
            [
              -49.18426860246641,
              -16.52743226110993
            ],
            [
              -49.18408987022464,
              -16.527444942639566
            ],
            [
              -49.183937619136515,
              -16.527419548453828
            ],
            [
              -49.183719168580176,
              -16.527432227455016
            ],
            [
              -49.18357353007269,
              -16.527495680463876
            ],
            [
              -49.183460987406,
              -16.52760355837339
            ],
            [
              -49.18337865135237,
              -16.527737659914525
            ],
            [
              -49.18322828967102,
              -16.527960704680503
            ],
            [
              -49.18305796023944,
              -16.528098784980127
            ],
            [
              -49.18284710182821,
              -16.528165376262653
            ],
            [
              -49.18269074020653,
              -16.528264087248807
            ],
            [
              -49.18262961241518,
              -16.52836205598561
            ],
            [
              -49.18267038934862,
              -16.528491705344894
            ],
            [
              -49.18261612812416,
              -16.528615376572844
            ],
            [
              -49.18239238891214,
              -16.528740083947103
            ],
            [
              -49.18213482545555,
              -16.528793680352887
            ],
            [
              -49.18185043744504,
              -16.528892737511214
            ],
            [
              -49.181614120374405,
              -16.52907538695529
            ],
            [
              -49.18149327364151,
              -16.52926984764119
            ],
            [
              -49.18142678826469,
              -16.529476474667103
            ],
            [
              -49.18135970093463,
              -16.529706949052102
            ],
            [
              -49.181271206216685,
              -16.529922247726045
            ],
            [
              -49.18114894712191,
              -16.530078973634854
            ],
            [
              -49.18097249271438,
              -16.53011263950564
            ],
            [
              -49.18076212585175,
              -16.530127067191803
            ],
            [
              -49.18058584355548,
              -16.530193144962528
            ],
            [
              -49.180403139902104,
              -16.530336968431204
            ],
            [
              -49.180254725689785,
              -16.53052564236716
            ],
            [
              -49.179991720330115,
              -16.530759966660046
            ],
            [
              -49.17972200406229,
              -16.53091656845754
            ],
            [
              -49.17941916368687,
              -16.53111178495378
            ],
            [
              -49.17890806440314,
              -16.53135946264023
            ],
            [
              -49.1784721600709,
              -16.53159968904205
            ],
            [
              -49.178144256817454,
              -16.53178753080471
            ],
            [
              -49.177951251316955,
              -16.53195498434106
            ],
            [
              -49.17790063383151,
              -16.53217857173531
            ],
            [
              -49.177883162415164,
              -16.532321673921526
            ],
            [
              -49.177944023576956,
              -16.532458545678498
            ],
            [
              -49.178079935324845,
              -16.532529457670655
            ],
            [
              -49.178106845362706,
              -16.532607600999455
            ],
            [
              -49.17806570689031,
              -16.532686158610915
            ],
            [
              -49.17789536281962,
              -16.532772067478717
            ],
            [
              -49.17767746103668,
              -16.53290380762562
            ],
            [
              -49.177513996519835,
              -16.533138986632718
            ],
            [
              -49.177459397858016,
              -16.533366449874034
            ],
            [
              -49.17728975662866,
              -16.53351659831159
            ],
            [
              -49.17708644720714,
              -16.53360858527723
            ],
            [
              -49.17696917827687,
              -16.533651175256107
            ],
            [
              -49.17691062575379,
              -16.533708333847326
            ],
            [
              -49.176896952106574,
              -16.53378438957314
            ],
            [
              -49.176917486314025,
              -16.533977821275975
            ],
            [
              -49.176932192195295,
              -16.534116453247734
            ],
            [
              -49.17691242187331,
              -16.534192015642425
            ],
            [
              -49.176833204603334,
              -16.534237208754952
            ],
            [
              -49.17670784610045,
              -16.5342890756986
            ],
            [
              -49.17664849470087,
              -16.534372314413893
            ],
            [
              -49.17664192628782,
              -16.5345060291702
            ],
            [
              -49.176674877535355,
              -16.53462024692649
            ],
            [
              -49.17673412227471,
              -16.534746858843736
            ],
            [
              -49.17680063666524,
              -16.534895302228943
            ],
            [
              -49.1769024305406,
              -16.534966243153335
            ],
            [
              -49.17697616824354,
              -16.535002612569166
            ],
            [
              -49.17699694868113,
              -16.535068284150086
            ],
            [
              -49.17694423970214,
              -16.535176180839503
            ],
            [
              -49.17691129415543,
              -16.535271202986856
            ],
            [
              -49.17692431562118,
              -16.53537213700475
            ],
            [
              -49.17689421536598,
              -16.535460043683905
            ],
            [
              -49.17681242765175,
              -16.535616078122377
            ],
            [
              -49.17670359110929,
              -16.535804403356142
            ],
            [
              -49.17659502466579,
              -16.535934332405716
            ],
            [
              -49.176608355262346,
              -16.536063273789736
            ],
            [
              -49.176547313431314,
              -16.53617969804976
            ],
            [
              -49.17640527021005,
              -16.536251507892636
            ],
            [
              -49.176209249735926,
              -16.536285037857546
            ],
            [
              -49.176033594505945,
              -16.53635701262341
            ],
            [
              -49.17589865459401,
              -16.536480071837815
            ],
            [
              -49.17573702476503,
              -16.536673751348133
            ],
            [
              -49.17568340224172,
              -16.536815127357976
            ],
            [
              -49.175697434439705,
              -16.53703899628039
            ],
            [
              -49.17564402657874,
              -16.537218214569315
            ],
            [
              -49.17559053563159,
              -16.537339784573952
            ],
            [
              -49.17561581473655,
              -16.537459024485837
            ],
            [
              -49.17562982964628,
              -16.537608577746145
            ],
            [
              -49.17557601434358,
              -16.53778437136279
            ],
            [
              -49.175529790959764,
              -16.537928453240227
            ],
            [
              -49.17546798233009,
              -16.538275084545358
            ],
            [
              -49.17543319987756,
              -16.538591558413856
            ],
            [
              -49.17541579555563,
              -16.53888027179371
            ],
            [
              -49.17542735518874,
              -16.539146779318923
            ],
            [
              -49.17547941876223,
              -16.539494683977875
            ],
            [
              -49.17552228894973,
              -16.539612868738445
            ],
            [
              -49.17551691649688,
              -16.53975674129785
            ],
            [
              -49.17542578069791,
              -16.539858788332552
            ],
            [
              -49.17534001206701,
              -16.53993071620209
            ],
            [
              -49.1752971234336,
              -16.540007786589463
            ],
            [
              -49.17531855763627,
              -16.540079724225507
            ],
            [
              -49.175393595752425,
              -16.540110560265838
            ],
            [
              -49.175484725314774,
              -16.54010614359331
            ],
            [
              -49.17557048432069,
              -16.540136982086377
            ],
            [
              -49.175634792080984,
              -16.540197931824892
            ],
            [
              -49.175650867051836,
              -16.540259591907077
            ],
            [
              -49.175618699972226,
              -16.540321248408144
            ],
            [
              -49.17554366546902,
              -16.540352790377646
            ],
            [
              -49.17536677045363,
              -16.54037774764009
            ],
            [
              -49.17522205194749,
              -16.540331490039726
            ],
            [
              -49.175120217818545,
              -16.54025954567279
            ],
            [
              -49.175023743683894,
              -16.540244835725705
            ],
            [
              -49.17494333625579,
              -16.540254391756008
            ],
            [
              -49.17486829049979,
              -16.540295490841153
            ],
            [
              -49.174830769527794,
              -16.540362999103838
            ],
            [
              -49.17482003406637,
              -16.540465049041295
            ],
            [
              -49.174841463338026,
              -16.540572953892156
            ],
            [
              -49.174911138743994,
              -16.540634619483985
            ],
            [
              -49.17498081435337,
              -16.540686008320687
            ],
            [
              -49.175109458225435,
              -16.540670605096825
            ],
            [
              -49.175200583003594,
              -16.5406346462729
            ],
            [
              -49.17529705999144,
              -16.540686037262613
            ],
            [
              -49.175377450446156,
              -16.540814501734857
            ],
            [
              -49.17550607600011,
              -16.540994352549653
            ],
            [
              -49.17557574792173,
              -16.541102262796795
            ],
            [
              -49.175688307676225,
              -16.541143379320435
            ],
            [
              -49.175827671182645,
              -16.541143391928784
            ],
            [
              -49.1759938424184,
              -16.541071471272904
            ],
            [
              -49.17613322265267,
              -16.54088650425888
            ],
            [
              -49.176283317261436,
              -16.54077347494048
            ],
            [
              -49.17643876850384,
              -16.54070669114302
            ],
            [
              -49.176588853588235,
              -16.54070670387924
            ],
            [
              -49.176771094881104,
              -16.540773517682055
            ],
            [
              -49.176910460516964,
              -16.540778667481725
            ],
            [
              -49.177103431817656,
              -16.540742715154664
            ],
            [
              -49.17732857012929,
              -16.54066052141554
            ],
            [
              -49.17750010662728,
              -16.54056804586455
            ],
            [
              -49.17774668260271,
              -16.54053723566025
            ],
            [
              -49.17796625086392,
              -16.540479711664904
            ],
            [
              -49.17822400699092,
              -16.54043649077626
            ],
            [
              -49.17840443594759,
              -16.540411795052922
            ],
            [
              -49.178610635052465,
              -16.54046122684081
            ],
            [
              -49.17879105640302,
              -16.540535365761574
            ],
            [
              -49.1789328079018,
              -16.540702159229994
            ],
            [
              -49.17906810871872,
              -16.540967787385686
            ],
            [
              -49.17920986143716,
              -16.541122227467074
            ],
            [
              -49.17940961148429,
              -16.541258138281332
            ],
            [
              -49.179654466696164,
              -16.541431115622785
            ],
            [
              -49.17982844200132,
              -16.54157938028724
            ],
            [
              -49.17997020184711,
              -16.54167204739044
            ],
            [
              -49.180124855249844,
              -16.541684411913778
            ],
            [
              -49.18032462208214,
              -16.541616475706782
            ],
            [
              -49.180582392809804,
              -16.541437353601555
            ],
            [
              -49.18082728011302,
              -16.541196457267713
            ],
            [
              -49.181033495751294,
              -16.541079102959696
            ],
            [
              -49.18129770728875,
              -16.54098028208167
            ],
            [
              -49.18169724157036,
              -16.540930886203995
            ],
            [
              -49.18199367085198,
              -16.540918547963244
            ],
            [
              -49.1821805541637,
              -16.540875317035926
            ],
            [
              -49.1823545506073,
              -16.54080737551992
            ],
            [
              -49.182496322686816,
              -16.540801205858642
            ],
            [
              -49.18262520105489,
              -16.540887693935456
            ],
            [
              -49.182818516028114,
              -16.54110390830371
            ],
            [
              -49.18306095454409,
              -16.54134483503301
            ],
            [
              -49.18338958041494,
              -16.541703131470708
            ],
            [
              -49.18353778619699,
              -16.541851392049292
            ],
            [
              -49.18368599615661,
              -16.54193788076495
            ],
            [
              -49.18385998283253,
              -16.541999662291964
            ],
            [
              -49.184014635880935,
              -16.54213557032279
            ],
            [
              -49.18420150732914,
              -16.542351784458454
            ],
            [
              -49.18432393834157,
              -16.542561818795164
            ],
            [
              -49.184401262480236,
              -16.542734787301207
            ],
            [
              -49.18444636527822,
              -16.542944817962734
            ],
            [
              -49.18445279983179,
              -16.54322279796073
            ],
            [
              -49.18445279213767,
              -16.54348842461198
            ],
            [
              -49.18438834147468,
              -16.543772579019073
            ],
            [
              -49.18434322658916,
              -16.543945543297678
            ],
            [
              -49.184349636422446,
              -16.544107612220092
            ],
            [
              -49.184420516189995,
              -16.544292933948896
            ],
            [
              -49.18456228193995,
              -16.54450296940921
            ],
            [
              -49.184768494474405,
              -16.544663590631185
            ],
            [
              -49.18505203968671,
              -16.544885989727632
            ],
            [
              -49.185249654034976,
              -16.545018143303487
            ],
            [
              -49.1853991800712,
              -16.54513032860281
            ],
            [
              -49.18553570429768,
              -16.54523004829439
            ],
            [
              -49.18567223202192,
              -16.54525498225994
            ],
            [
              -49.18589978141186,
              -16.545217597906124
            ],
            [
              -49.186101323307,
              -16.54520514093317
            ],
            [
              -49.186289866296555,
              -16.545136593700196
            ],
            [
              -49.1864849125848,
              -16.545005724640667
            ],
            [
              -49.18671896454926,
              -16.54495587544014
            ],
            [
              -49.18692701022023,
              -16.54492472151105
            ],
            [
              -49.18721307229468,
              -16.544962123204186
            ],
            [
              -49.1874731284875,
              -16.545011988818068
            ],
            [
              -49.18759015204892,
              -16.54509301096807
            ],
            [
              -49.18764216013667,
              -16.545205192061985
            ],
            [
              -49.18762915279138,
              -16.545342299919177
            ],
            [
              -49.187518622586325,
              -16.545535494991842
            ],
            [
              -49.18734957953489,
              -16.54569752626899
            ],
            [
              -49.18729756359835,
              -16.545834633829717
            ],
            [
              -49.18717402934849,
              -16.546027827655823
            ],
            [
              -49.1870114895036,
              -16.546140001352306
            ],
            [
              -49.18683595000391,
              -16.546139995793904
            ],
            [
              -49.186634407324625,
              -16.546077665872378
            ],
            [
              -49.186452370423574,
              -16.545996640693115
            ],
            [
              -49.18630283827349,
              -16.545984170553254
            ],
            [
              -49.18620531560821,
              -16.546015328234237
            ],
            [
              -49.18615980199771,
              -16.546133738411005
            ],
            [
              -49.186198804707104,
              -16.54628954423505
            ],
            [
              -49.18630281936727,
              -16.546526372321935
            ],
            [
              -49.18641983806684,
              -16.54675073700128
            ],
            [
              -49.18654985989856,
              -16.546962638246036
            ],
            [
              -49.186679884743995,
              -16.547143379275617
            ],
            [
              -49.18682291530913,
              -16.547218171791016
            ],
            [
              -49.187004957945646,
              -16.54723687643236
            ],
            [
              -49.187154491283046,
              -16.547280507260517
            ],
            [
              -49.18731702894915,
              -16.54736776633587
            ],
            [
              -49.18740154747935,
              -16.547461254274086
            ],
            [
              -49.18744055351112,
              -16.547604599167116
            ],
            [
              -49.18740804287513,
              -16.547754173528343
            ],
            [
              -49.187336524270414,
              -16.547797797174375
            ],
            [
              -49.187225997773204,
              -16.547772863385422
            ],
            [
              -49.18708296527475,
              -16.54767937262146
            ],
            [
              -49.186933432782524,
              -16.54756095240212
            ],
            [
              -49.186835909645986,
              -16.54754848388255
            ],
            [
              -49.18675789019982,
              -16.547592106816897
            ],
            [
              -49.186712376247435,
              -16.547716751116592
            ],
            [
              -49.18667986395382,
              -16.54790371949982
            ],
            [
              -49.18671344389351,
              -16.548163740557115
            ],
            [
              -49.1867914543164,
              -16.54838187069298
            ],
            [
              -49.18690197824562,
              -16.54847535729598
            ],
            [
              -49.187084019908816,
              -16.548575078082454
            ],
            [
              -49.187233554518485,
              -16.548681030230377
            ],
            [
              -49.187318070041364,
              -16.548836838587526
            ],
            [
              -49.187311563265325,
              -16.548992643488702
            ],
            [
              -49.18737007391978,
              -16.54913598720023
            ],
            [
              -49.18746759444201,
              -16.549285563419478
            ],
            [
              -49.187513101951254,
              -16.549453835880055
            ],
            [
              -49.187513096290516,
              -16.549640802378676
            ],
            [
              -49.18744807238958,
              -16.54989632274939
            ],
            [
              -49.18740255467364,
              -16.550083288406842
            ],
            [
              -49.18730502472703,
              -16.550276484912047
            ],
            [
              -49.18723350036025,
              -16.550494611356246
            ],
            [
              -49.18720098637542,
              -16.550700274607735
            ],
            [
              -49.187207485208134,
              -16.55084361788868
            ],
            [
              -49.18729200426043,
              -16.55099942814854
            ],
            [
              -49.186988139784525,
              -16.55103534097748
            ],
            [
              -49.1867558038676,
              -16.551084823399886
            ],
            [
              -49.18645462575554,
              -16.551208538408986
            ],
            [
              -49.18611903317838,
              -16.551216774566733
            ],
            [
              -49.18568018807529,
              -16.55105179002902
            ],
            [
              -49.18524995204585,
              -16.550837315562607
            ],
            [
              -49.184716460422706,
              -16.55058159402041
            ],
            [
              -49.18433784936714,
              -16.55049084528934
            ],
            [
              -49.18386458123672,
              -16.550482575215593
            ],
            [
              -49.18314176639318,
              -16.550523782459653
            ],
            [
              -49.18259965016961,
              -16.55058149382918
            ],
            [
              -49.18210916599135,
              -16.550581467818063
            ],
            [
              -49.181610078797526,
              -16.550490707287207
            ],
            [
              -49.181205642802716,
              -16.550424696299824
            ],
            [
              -49.18093678261145,
              -16.550338299338016
            ],
            [
              -49.180715730335955,
              -16.55033364326307
            ],
            [
              -49.1804455465489,
              -16.550391556908153
            ],
            [
              -49.18004414120003,
              -16.550508634265505
            ],
            [
              -49.17966018996643,
              -16.550659166647474
            ],
            [
              -49.17910171296594,
              -16.55092678434437
            ],
            [
              -49.17852577796227,
              -16.551311492926537
            ],
            [
              -49.17805455050183,
              -16.551746387777442
            ],
            [
              -49.17765313913104,
              -16.552080917087213
            ],
            [
              -49.177383599400486,
              -16.552283190751368
            ],
            [
              -49.177228002936566,
              -16.552318271812393
            ],
            [
              -49.17701749180138,
              -16.55234457466389
            ],
            [
              -49.17684358568016,
              -16.552441067159155
            ],
            [
              -49.17674562963102,
              -16.55254922797924
            ],
            [
              -49.17665835037847,
              -16.552816865952597
            ],
            [
              -49.17651870758784,
              -16.553184865837036
            ],
            [
              -49.17625691585569,
              -16.553452488515866
            ],
            [
              -49.175992294017504,
              -16.553651693765268
            ],
            [
              -49.175612655194094,
              -16.55391279835775
            ],
            [
              -49.175298768605046,
              -16.553981151005203
            ],
            [
              -49.17502055869387,
              -16.553994803933474
            ],
            [
              -49.174692412826104,
              -16.554022127195818
            ],
            [
              -49.17434999905093,
              -16.554069962437943
            ],
            [
              -49.1739647763656,
              -16.55422035823343
            ],
            [
              -49.17361521988017,
              -16.5543912695418
            ],
            [
              -49.173329853647765,
              -16.5546647509388
            ],
            [
              -49.173080159684964,
              -16.554890371495674
            ],
            [
              -49.172830459480934,
              -16.555177529939026
            ],
            [
              -49.172595032070596,
              -16.555403151072703
            ],
            [
              -49.172381000847246,
              -16.555669799800352
            ],
            [
              -49.17213129398422,
              -16.555997984464295
            ],
            [
              -49.171660439004405,
              -16.55642187503313
            ],
            [
              -49.17121812690631,
              -16.556743202584894
            ],
            [
              -49.1706973356914,
              -16.557119225747087
            ],
            [
              -49.17024076141024,
              -16.557344825207906
            ],
            [
              -49.169941128090485,
              -16.55752257710171
            ],
            [
              -49.169660417668055,
              -16.55771044521486
            ],
            [
              -49.16949516427891,
              -16.557877846647607
            ],
            [
              -49.16932393046638,
              -16.558103471550332
            ],
            [
              -49.16922105032479,
              -16.558454479183478
            ],
            [
              -49.169050481791416,
              -16.558953842109823
            ],
            [
              -49.16888939212828,
              -16.559398729372592
            ],
            [
              -49.16869039855938,
              -16.55993440996047
            ],
            [
              -49.16850087826858,
              -16.560461013672015
            ],
            [
              -49.16821663744275,
              -16.560924049837276
            ],
            [
              -49.167974646072295,
              -16.5611885756109
            ],
            [
              -49.16770221603514,
              -16.561461484444756
            ],
            [
              -49.16746495929595,
              -16.561782689897374
            ],
            [
              -49.167045895941726,
              -16.56225648278515
            ],
            [
              -49.16668677593488,
              -16.56273110755345
            ],
            [
              -49.1662712281687,
              -16.563179791187636
            ],
            [
              -49.16582507683378,
              -16.563758719808913
            ],
            [
              -49.16545329978584,
              -16.564114971445953
            ],
            [
              -49.165295287408675,
              -16.564319823455346
            ],
            [
              -49.165202331965574,
              -16.564489054553714
            ],
            [
              -49.165118671632726,
              -16.564640472530247
            ],
            [
              -49.16484659895531,
              -16.56539727597486
            ],
            [
              -49.164984495318784,
              -16.568591883599748
            ],
            [
              -49.166049456325176,
              -16.575423484346963
            ],
            [
              -49.16591035846157,
              -16.57619348847153
            ],
            [
              -49.165289388180554,
              -16.576720070792398
            ],
            [
              -49.163689768351865,
              -16.57808123871317
            ],
            [
              -49.16139529319041,
              -16.576263672743817
            ],
            [
              -49.15997170977815,
              -16.575182891650343
            ],
            [
              -49.159459886644434,
              -16.575623298682725
            ],
            [
              -49.15910994204638,
              -16.57583516983938
            ],
            [
              -49.15837672514854,
              -16.57580184177901
            ],
            [
              -49.157669693878965,
              -16.576047041194556
            ],
            [
              -49.15711502038786,
              -16.576549342090516
            ],
            [
              -49.156831731039276,
              -16.576677892788986
            ],
            [
              -49.15647226477648,
              -16.57665884801772
            ],
            [
              -49.15595189688042,
              -16.57648613207372
            ],
            [
              -49.15511217757362,
              -16.57615535157706
            ],
            [
              -49.15488918296245,
              -16.575928011861006
            ],
            [
              -49.151887277590205,
              -16.574958522917044
            ],
            [
              -49.15099694314559,
              -16.574739509667776
            ],
            [
              -49.14929245163029,
              -16.57443003519685
            ],
            [
              -49.14725467924371,
              -16.574253872579057
            ],
            [
              -49.144138506719614,
              -16.575456062732943
            ],
            [
              -49.143771898371334,
              -16.57606548949366
            ],
            [
              -49.14289346682067,
              -16.57722959111218
            ],
            [
              -49.13787045311958,
              -16.577222449257068
            ],
            [
              -49.13430673272373,
              -16.579403650906407
            ],
            [
              -49.13388775191338,
              -16.579270338517027
            ],
            [
              -49.13132625348974,
              -16.57841035626343
            ],
            [
              -49.12857906959689,
              -16.577458720566884
            ],
            [
              -49.123672705929145,
              -16.576730264539783
            ],
            [
              -49.12193964750537,
              -16.57593039179612
            ],
            [
              -49.11870206518345,
              -16.574235422236324
            ],
            [
              -49.1206350924848,
              -16.57066455999776
            ],
            [
              -49.121282608721536,
              -16.569331438425092
            ],
            [
              -49.12076840428225,
              -16.566950863964788
            ],
            [
              -49.11949241595928,
              -16.565141626542914
            ],
            [
              -49.11312675904273,
              -16.56511782112985
            ],
            [
              -49.10882744110964,
              -16.56485595764242
            ],
            [
              -49.105404175037236,
              -16.563308584186114
            ],
            [
              -49.10398535214095,
              -16.562746768566885
            ],
            [
              -49.10284981753272,
              -16.562560488282937
            ],
            [
              -49.09915516579172,
              -16.565179120291948
            ],
            [
              -49.09886711592275,
              -16.566314655156834
            ],
            [
              -49.09814104121329,
              -16.566586040661246
            ],
            [
              -49.09723499811949,
              -16.566772826888204
            ],
            [
              -49.09553074086699,
              -16.56727640668614
            ],
            [
              -49.09483085165294,
              -16.567454949594627
            ],
            [
              -49.09365484770848,
              -16.56785964797886
            ],
            [
              -49.09299780924698,
              -16.56855953656003
            ],
            [
              -49.09293695845457,
              -16.56962648472522
            ],
            [
              -49.093338613187164,
              -16.570377293535447
            ],
            [
              -49.09423503324552,
              -16.5711865087212
            ],
            [
              -49.09510129293789,
              -16.572853312508723
            ],
            [
              -49.09663842280486,
              -16.57610786922072
            ],
            [
              -49.096618485129554,
              -16.576447752441204
            ],
            [
              -49.09431728118044,
              -16.579451964227808
            ],
            [
              -49.09450740435408,
              -16.581968830953137
            ],
            [
              -49.0949579460358,
              -16.585273861714423
            ],
            [
              -49.096049380336034,
              -16.587671722169496
            ],
            [
              -49.09583738661995,
              -16.589178093022056
            ],
            [
              -49.09431746713584,
              -16.589840110317994
            ],
            [
              -49.09297978621168,
              -16.590140308476023
            ],
            [
              -49.09206017341256,
              -16.590817115148486
            ],
            [
              -49.090798831965614,
              -16.591327957830362
            ],
            [
              -49.089514054441416,
              -16.591465397311
            ],
            [
              -49.086868954293514,
              -16.591621889268943
            ],
            [
              -49.08524682764881,
              -16.591217121705903
            ],
            [
              -49.08370684471563,
              -16.591443780754688
            ],
            [
              -49.08220451872428,
              -16.59167519637824
            ],
            [
              -49.081002818649964,
              -16.591654952775862
            ],
            [
              -49.08039061646283,
              -16.59196823991315
            ],
            [
              -49.07992610418588,
              -16.59239635250112
            ],
            [
              -49.07916463102877,
              -16.592690043538457
            ],
            [
              -49.0786542407448,
              -16.59296278895536
            ],
            [
              -49.07801442072615,
              -16.593485101627802
            ],
            [
              -49.10578689785062,
              -16.615904708613748
            ],
            [
              -49.1057732702839,
              -16.61603546142287
            ],
            [
              -49.1076577860465,
              -16.616654433056855
            ],
            [
              -49.1084098662204,
              -16.616891742148507
            ],
            [
              -49.10912287999469,
              -16.617141435266504
            ],
            [
              -49.1108260803744,
              -16.617680263005163
            ],
            [
              -49.1116446795571,
              -16.617880502352083
            ],
            [
              -49.11442240357139,
              -16.618518787641566
            ],
            [
              -49.114696346264274,
              -16.618586337248345
            ],
            [
              -49.114989374253355,
              -16.618684731620597
            ],
            [
              -49.11532345608582,
              -16.618814903737597
            ],
            [
              -49.11556394966661,
              -16.618919484536487
            ],
            [
              -49.115713609195694,
              -16.618989144576922
            ],
            [
              -49.11644181784715,
              -16.619359317438114
            ],
            [
              -49.117258018399326,
              -16.61985540943138
            ],
            [
              -49.11782420334662,
              -16.620210146161273
            ],
            [
              -49.11972937569259,
              -16.621330031561705
            ],
            [
              -49.12106745898209,
              -16.622108304645554
            ],
            [
              -49.12213853207525,
              -16.622739419420096
            ],
            [
              -49.122444498626386,
              -16.622957960779615
            ],
            [
              -49.122701462634424,
              -16.623138187024402
            ],
            [
              -49.12291593591121,
              -16.623299610338524
            ],
            [
              -49.123130730870244,
              -16.623478879356096
            ],
            [
              -49.12335963029075,
              -16.623684825537083
            ],
            [
              -49.12605749516261,
              -16.626309665588693
            ],
            [
              -49.13004192851633,
              -16.630206654631955
            ],
            [
              -49.13227852443562,
              -16.632358802937652
            ],
            [
              -49.13253062762944,
              -16.63256621272708
            ],
            [
              -49.13445776384529,
              -16.633758695540163
            ],
            [
              -49.135914437425185,
              -16.634558209792527
            ],
            [
              -49.13781473911775,
              -16.63565753625758
            ],
            [
              -49.138182110067575,
              -16.63588149257006
            ],
            [
              -49.13849050251252,
              -16.63608373740102
            ],
            [
              -49.13871170174401,
              -16.636239992486715
            ],
            [
              -49.13888665940331,
              -16.63639170687337
            ],
            [
              -49.139084453233956,
              -16.636559891370784
            ],
            [
              -49.13927082668587,
              -16.63674013917837
            ],
            [
              -49.13943909747861,
              -16.636908214977613
            ],
            [
              -49.139616574756815,
              -16.637111911231496
            ],
            [
              -49.13976178048173,
              -16.637298693883675
            ],
            [
              -49.139851485752445,
              -16.637421967371797
            ],
            [
              -49.14083983890283,
              -16.638999710034774
            ],
            [
              -49.14211912533214,
              -16.641044742225702
            ],
            [
              -49.14271042473849,
              -16.64202025836021
            ],
            [
              -49.14348717002796,
              -16.643272494827915
            ],
            [
              -49.14463490928608,
              -16.645062144871876
            ],
            [
              -49.1449133843124,
              -16.64540631819603
            ],
            [
              -49.14521537463682,
              -16.64572905969428
            ],
            [
              -49.14547554763329,
              -16.645988298690128
            ],
            [
              -49.14580054769637,
              -16.646260213313134
            ],
            [
              -49.14602026530954,
              -16.646423034174788
            ],
            [
              -49.1463067644825,
              -16.646613600924578
            ],
            [
              -49.14656308531097,
              -16.646768996551934
            ],
            [
              -49.14674205404766,
              -16.64687131067427
            ],
            [
              -49.146958759734886,
              -16.64698002219979
            ],
            [
              -49.14718105560731,
              -16.647064285378907
            ],
            [
              -49.14740607794447,
              -16.647139327176202
            ],
            [
              -49.147637048145675,
              -16.647205259482888
            ],
            [
              -49.148768776550966,
              -16.647427453163186
            ],
            [
              -49.15203685421192,
              -16.64808016684357
            ],
            [
              -49.15369634625076,
              -16.648410995741404
            ],
            [
              -49.15595877329263,
              -16.64888630832068
            ],
            [
              -49.15842842514305,
              -16.649402761014898
            ],
            [
              -49.16085150016146,
              -16.649888238097958
            ],
            [
              -49.161944024314245,
              -16.6501082058249
            ],
            [
              -49.16234382505461,
              -16.650175316230367
            ],
            [
              -49.16352875203625,
              -16.650362594885458
            ],
            [
              -49.164004031426536,
              -16.650427177338422
            ],
            [
              -49.16423618212178,
              -16.650466512342472
            ],
            [
              -49.16655274171068,
              -16.650901540084785
            ],
            [
              -49.16651746452635,
              -16.65108163835252
            ],
            [
              -49.166567594803446,
              -16.65122831509756
            ],
            [
              -49.16661029790412,
              -16.651354568143145
            ],
            [
              -49.16667329163163,
              -16.651429613076864
            ],
            [
              -49.166751169270356,
              -16.65151779143666
            ],
            [
              -49.16679364737,
              -16.651613721394696
            ],
            [
              -49.166928652862055,
              -16.65173165057233
            ],
            [
              -49.16698286051373,
              -16.65180754032813
            ],
            [
              -49.16706776919022,
              -16.651813573366784
            ],
            [
              -49.16711656488655,
              -16.651824010239796
            ],
            [
              -49.16714547840298,
              -16.65187751475981
            ],
            [
              -49.16722481660911,
              -16.651906097440722
            ],
            [
              -49.16727705232024,
              -16.651923836829816
            ],
            [
              -49.167293313440524,
              -16.65195636093921
            ],
            [
              -49.16730529816415,
              -16.652060254856366
            ],
            [
              -49.167344069933215,
              -16.65209581884126
            ],
            [
              -49.167393841384744,
              -16.652153966942773
            ],
            [
              -49.167461353179746,
              -16.652222956858584
            ],
            [
              -49.16750471789344,
              -16.652260408363674
            ],
            [
              -49.16752837104696,
              -16.652342702825333
            ],
            [
              -49.16760081155028,
              -16.652421549323044
            ],
            [
              -49.167618057929616,
              -16.652452593898385
            ],
            [
              -49.16761899680714,
              -16.652601753444504
            ],
            [
              -49.167712180633195,
              -16.652765019214506
            ],
            [
              -49.167748646570864,
              -16.65279705048388
            ],
            [
              -49.16779118566765,
              -16.65279083467071
            ],
            [
              -49.16784375329628,
              -16.652711798069884
            ],
            [
              -49.167938367992996,
              -16.65271475487434
            ],
            [
              -49.16800193749291,
              -16.652709827232854
            ],
            [
              -49.168050229110285,
              -16.652729046029844
            ],
            [
              -49.168046287612434,
              -16.652758119665894
            ],
            [
              -49.16802860440056,
              -16.652822396185016
            ],
            [
              -49.16805072253299,
              -16.65287885225446
            ],
            [
              -49.168045794078786,
              -16.652945870938336
            ],
            [
              -49.16797887413157,
              -16.652982074988635
            ],
            [
              -49.16792932111185,
              -16.653040301322015
            ],
            [
              -49.1679225986202,
              -16.653100604879903
            ],
            [
              -49.16794132427021,
              -16.653148405249063
            ],
            [
              -49.16805614297798,
              -16.653151361638088
            ],
            [
              -49.16811626325862,
              -16.65318782798164
            ],
            [
              -49.1681675126584,
              -16.6533070811664
            ],
            [
              -49.1681625843939,
              -16.653438654605893
            ],
            [
              -49.168184759591554,
              -16.653479555756004
            ],
            [
              -49.168263749783286,
              -16.653496618693975
            ],
            [
              -49.16836068301815,
              -16.65347906339695
            ],
            [
              -49.16842819533273,
              -16.653478076728597
            ],
            [
              -49.16846811015735,
              -16.65353228371
            ],
            [
              -49.16845973321546,
              -16.653588461315625
            ],
            [
              -49.16846219693465,
              -16.653667305631988
            ],
            [
              -49.16852625911524,
              -16.653718062746094
            ],
            [
              -49.16856198623147,
              -16.653745413065277
            ],
            [
              -49.16862506212929,
              -16.65374639765373
            ],
            [
              -49.16865692032112,
              -16.653747763385116
            ],
            [
              -49.16869405183224,
              -16.653749354603722
            ],
            [
              -49.168736028872,
              -16.65377566494237
            ],
            [
              -49.16883400207608,
              -16.653837070397287
            ],
            [
              -49.16888097758456,
              -16.65390337649223
            ],
            [
              -49.168887136830946,
              -16.65391207108597
            ],
            [
              -49.16895621308702,
              -16.653953367432997
            ],
            [
              -49.16899109325389,
              -16.65406136075175
            ],
            [
              -49.169004836001214,
              -16.654130685903777
            ],
            [
              -49.16901599102178,
              -16.654186958333337
            ],
            [
              -49.16902429091081,
              -16.654228823897938
            ],
            [
              -49.169040971616084,
              -16.654430382070878
            ],
            [
              -49.16900549138234,
              -16.654561463452396
            ],
            [
              -49.16896311252042,
              -16.654608276794793
            ],
            [
              -49.16895226993147,
              -16.654746256957782
            ],
            [
              -49.16900378343667,
              -16.654866610206643
            ],
            [
              -49.169025202105736,
              -16.65496998110662
            ],
            [
              -49.16906265411692,
              -16.655043898103003
            ],
            [
              -49.16916416698869,
              -16.655154281666842
            ],
            [
              -49.169266666486955,
              -16.655192718669948
            ],
            [
              -49.169286269142106,
              -16.65519878865447
            ],
            [
              -49.16950203358847,
              -16.65544053932518
            ],
            [
              -49.169541299231554,
              -16.655495167823652
            ],
            [
              -49.16957750747829,
              -16.65561270485634
            ],
            [
              -49.16964520515451,
              -16.655721921292432
            ],
            [
              -49.169717732803015,
              -16.65577109566707
            ],
            [
              -49.16979032404357,
              -16.655781220726848
            ],
            [
              -49.16986345233875,
              -16.655770633730803
            ],
            [
              -49.169955964940584,
              -16.65573405146493
            ],
            [
              -49.17005469623261,
              -16.65565097162238
            ],
            [
              -49.170148058362514,
              -16.65556826811833
            ],
            [
              -49.17027942845887,
              -16.65545234856253
            ],
            [
              -49.170331173315795,
              -16.655442259384458
            ],
            [
              -49.170380068737835,
              -16.655460575833672
            ],
            [
              -49.17041528602079,
              -16.65550465781376
            ],
            [
              -49.17045311779841,
              -16.655595308070996
            ],
            [
              -49.170474633029734,
              -16.655701528787034
            ],
            [
              -49.170485328055655,
              -16.655789704046242
            ],
            [
              -49.170517887730995,
              -16.65583647606377
            ],
            [
              -49.17058310602443,
              -16.655872920829083
            ],
            [
              -49.17066731985739,
              -16.655893803379566
            ],
            [
              -49.170762323409576,
              -16.65591739160105
            ],
            [
              -49.17080839875999,
              -16.655958971498094
            ],
            [
              -49.17082738381848,
              -16.656010845583822
            ],
            [
              -49.17082900469944,
              -16.65607439996325
            ],
            [
              -49.17080950547045,
              -16.656151791813052
            ],
            [
              -49.170817508080134,
              -16.65622441679309
            ],
            [
              -49.17085010526247,
              -16.656302396650137
            ],
            [
              -49.170896109335466,
              -16.656369854941644
            ],
            [
              -49.17101557122118,
              -16.65648682250618
            ],
            [
              -49.171088575034126,
              -16.656580199230692
            ],
            [
              -49.17115621797956,
              -16.65671011440361
            ],
            [
              -49.171237686302796,
              -16.656876665914986
            ],
            [
              -49.17128116232777,
              -16.657040706370402
            ],
            [
              -49.17128107445045,
              -16.657137142960256
            ],
            [
              -49.171251085490255,
              -16.65723364195077
            ],
            [
              -49.171199404772906,
              -16.657426580283627
            ],
            [
              -49.17120373499131,
              -16.657576791892254
            ],
            [
              -49.171235546496035,
              -16.657725511053272
            ],
            [
              -49.17132366363467,
              -16.657905930904654
            ],
            [
              -49.17142662725383,
              -16.65805504464007
            ],
            [
              -49.17155455379117,
              -16.658230297342328
            ],
            [
              -49.17167742668257,
              -16.658345261641404
            ],
            [
              -49.17175474701254,
              -16.658435593208463
            ],
            [
              -49.17179552058926,
              -16.658513786051294
            ],
            [
              -49.17185257131601,
              -16.65868615174577
            ],
            [
              -49.17189626147184,
              -16.658785645510484
            ],
            [
              -49.17200021910761,
              -16.65901638617644
            ],
            [
              -49.17207788045032,
              -16.659217889402658
            ],
            [
              -49.17216810984363,
              -16.659464000222076
            ],
            [
              -49.172212021949775,
              -16.659529670618657
            ],
            [
              -49.17237390282651,
              -16.659660821387668
            ],
            [
              -49.172467238535425,
              -16.659747380498146
            ],
            [
              -49.17251119218424,
              -16.6598182722001
            ],
            [
              -49.17253593526678,
              -16.659883994900376
            ],
            [
              -49.17257718700261,
              -16.66000501336079
            ],
            [
              -49.172665286695235,
              -16.660191744291197
            ],
            [
              -49.17272316876105,
              -16.660241741980716
            ],
            [
              -49.17277007162823,
              -16.660275982600865
            ],
            [
              -49.172861151653784,
              -16.660281213217957
            ],
            [
              -49.17293851058316,
              -16.66027325409531
            ],
            [
              -49.172985476409636,
              -16.66024681680315
            ],
            [
              -49.173029620262966,
              -16.660186036867977
            ],
            [
              -49.1730765495051,
              -16.66012788022202
            ],
            [
              -49.17313185954668,
              -16.660090813323986
            ],
            [
              -49.17322601937818,
              -16.660048356414766
            ],
            [
              -49.173348154205016,
              -16.660029572710414
            ],
            [
              -49.173417656094685,
              -16.66004530246004
            ],
            [
              -49.1734590831802,
              -16.660082369921764
            ],
            [
              -49.173522169338185,
              -16.6601115672533
            ],
            [
              -49.173569792076485,
              -16.66012368672893
            ],
            [
              -49.17374278072455,
              -16.660141059343406
            ],
            [
              -49.17379223924301,
              -16.66016767420839
            ],
            [
              -49.173819821963676,
              -16.66019931549274
            ],
            [
              -49.173944784605695,
              -16.660462612835946
            ],
            [
              -49.17398084412041,
              -16.66050741651366
            ],
            [
              -49.17401657486197,
              -16.660515419141976
            ],
            [
              -49.17405487635412,
              -16.660507659450204
            ],
            [
              -49.17410122863953,
              -16.660486802537683
            ],
            [
              -49.17416098030466,
              -16.660476694498843
            ],
            [
              -49.17422055467696,
              -16.660492997972487
            ],
            [
              -49.17429937789515,
              -16.660540805089468
            ],
            [
              -49.174337674844594,
              -16.660577722838617
            ],
            [
              -49.17434945569968,
              -16.660627493822517
            ],
            [
              -49.174348153882846,
              -16.660714086867582
            ],
            [
              -49.174362944386196,
              -16.660888084002508
            ],
            [
              -49.17436789341976,
              -16.660940039343032
            ],
            [
              -49.17436825036265,
              -16.661034686316036
            ],
            [
              -49.174374066933375,
              -16.66113474785551
            ],
            [
              -49.17437727637412,
              -16.66126380369149
            ],
            [
              -49.17436392481799,
              -16.661332145418932
            ],
            [
              -49.17430430961799,
              -16.661429076064216
            ],
            [
              -49.17410938393679,
              -16.66176202995472
            ],
            [
              -49.17406208472553,
              -16.66185236431532
            ],
            [
              -49.174064814660724,
              -16.66187359492138
            ],
            [
              -49.17408694229013,
              -16.6618921528149
            ],
            [
              -49.174158631963394,
              -16.661916079221996
            ],
            [
              -49.17421080008532,
              -16.66195327102951
            ],
            [
              -49.17425790197925,
              -16.662036589366537
            ],
            [
              -49.17432698043895,
              -16.662177839448173
            ],
            [
              -49.17436560596045,
              -16.662223141891808
            ],
            [
              -49.17445102964439,
              -16.662300466280886
            ],
            [
              -49.174511592012436,
              -16.662366865800347
            ],
            [
              -49.1746188466886,
              -16.662562687902273
            ],
            [
              -49.17462710365406,
              -16.662599638303146
            ],
            [
              -49.174585859327564,
              -16.662876634592823
            ],
            [
              -49.174585882709536,
              -16.662939921942208
            ],
            [
              -49.17461610657345,
              -16.663021697294862
            ],
            [
              -49.174679291329916,
              -16.663134056130982
            ],
            [
              -49.17471509773138,
              -16.663176355436622
            ],
            [
              -49.17479217279388,
              -16.66335549688007
            ],
            [
              -49.174836216526195,
              -16.663418833118694
            ],
            [
              -49.17493799783382,
              -16.663498128517773
            ],
            [
              -49.17498200339644,
              -16.663569257934725
            ],
            [
              -49.17499578001556,
              -16.663645559871842
            ],
            [
              -49.174990323357626,
              -16.66374030022308
            ],
            [
              -49.1749849038541,
              -16.66393515602256
            ],
            [
              -49.17500971686876,
              -16.66407472665116
            ],
            [
              -49.175075835788896,
              -16.664274954599858
            ],
            [
              -49.175117789683135,
              -16.664383552630884
            ],
            [
              -49.17515875658697,
              -16.664459704576913
            ],
            [
              -49.17531695328006,
              -16.664669445033216
            ],
            [
              -49.17551833313403,
              -16.664937669761176
            ],
            [
              -49.17559101572056,
              -16.66510693033371
            ],
            [
              -49.1756671393935,
              -16.665313021156173
            ],
            [
              -49.175791536488056,
              -16.665558102585333
            ],
            [
              -49.17594564010475,
              -16.665829175474094
            ],
            [
              -49.17612945029474,
              -16.666077969512063
            ],
            [
              -49.17620928768818,
              -16.666226503818702
            ],
            [
              -49.17619814724663,
              -16.66636761026988
            ],
            [
              -49.1762259977182,
              -16.666616404799946
            ],
            [
              -49.17629840736365,
              -16.66690790168662
            ],
            [
              -49.17638752710016,
              -16.66706014832622
            ],
            [
              -49.17648964412194,
              -16.66714741225232
            ],
            [
              -49.17658990449893,
              -16.667221679593386
            ],
            [
              -49.17662745975674,
              -16.667287097274205
            ],
            [
              -49.17664746162889,
              -16.66732193899002
            ],
            [
              -49.176641891797736,
              -16.667379496221674
            ],
            [
              -49.17656731275179,
              -16.667422339090376
            ],
            [
              -49.17655462778844,
              -16.66742962611276
            ],
            [
              -49.17650449769822,
              -16.667515033120548
            ],
            [
              -49.176458080740154,
              -16.66770255689599
            ],
            [
              -49.17640238055068,
              -16.667852946857543
            ],
            [
              -49.17641166462507,
              -16.667953207890204
            ],
            [
              -49.17651563747545,
              -16.668010764286205
            ],
            [
              -49.176591760910576,
              -16.668027474098988
            ],
            [
              -49.17662537304262,
              -16.668011788885458
            ],
            [
              -49.17667531149219,
              -16.667988484538544
            ],
            [
              -49.17671487951543,
              -16.667994925751103
            ],
            [
              -49.17675514859385,
              -16.66800148155812
            ],
            [
              -49.176844268363176,
              -16.668023761589875
            ],
            [
              -49.17702250908582,
              -16.668085030911193
            ],
            [
              -49.17711905628665,
              -16.668153728121165
            ],
            [
              -49.17722674251889,
              -16.668255845332844
            ],
            [
              -49.17732329022827,
              -16.668372815453072
            ],
            [
              -49.17741055337272,
              -16.66852506259992
            ],
            [
              -49.177529380384364,
              -16.66867173930836
            ],
            [
              -49.17760364656093,
              -16.66876642933609
            ],
            [
              -49.177728043370465,
              -16.668959523159263
            ],
            [
              -49.177770234535586,
              -16.66917667503757
            ],
            [
              -49.177688133251095,
              -16.669214040437023
            ],
            [
              -49.177531900930134,
              -16.66924914703288
            ],
            [
              -49.177298040694986,
              -16.669286570434654
            ],
            [
              -49.1771615268827,
              -16.669310636571964
            ],
            [
              -49.177149530007256,
              -16.669314941472752
            ],
            [
              -49.177098632461295,
              -16.669312290615522
            ],
            [
              -49.1770225085224,
              -16.669334570336495
            ],
            [
              -49.17677371469147,
              -16.669481247791847
            ],
            [
              -49.176668971366325,
              -16.669533330987658
            ],
            [
              -49.1766286053381,
              -16.66955340153695
            ],
            [
              -49.1764376574952,
              -16.669648347938743
            ],
            [
              -49.17632625706928,
              -16.669770888288156
            ],
            [
              -49.176218570162796,
              -16.669945415476324
            ],
            [
              -49.17618886374687,
              -16.67017193010248
            ],
            [
              -49.176218570356696,
              -16.67030004003267
            ],
            [
              -49.176316973892455,
              -16.670348312810933
            ],
            [
              -49.176545343944895,
              -16.670413296882078
            ],
            [
              -49.176727298226574,
              -16.670444860078117
            ],
            [
              -49.176782997821064,
              -16.67049499045775
            ],
            [
              -49.17680156551675,
              -16.67061010342129
            ],
            [
              -49.17681641826748,
              -16.670773490988886
            ],
            [
              -49.17682384531367,
              -16.670966584972845
            ],
            [
              -49.17688952936049,
              -16.671055258583806
            ],
            [
              -49.17685912156238,
              -16.67134348839439
            ],
            [
              -49.176825702156826,
              -16.671584856339138
            ],
            [
              -49.1768646920163,
              -16.67194133676734
            ],
            [
              -49.176961238931064,
              -16.672173421140347
            ],
            [
              -49.177156189048375,
              -16.672360944921355
            ],
            [
              -49.17740498299419,
              -16.672446351351212
            ],
            [
              -49.17749038978498,
              -16.672515048125625
            ],
            [
              -49.17756094347613,
              -16.67261345192278
            ],
            [
              -49.17759807690586,
              -16.672780552336235
            ],
            [
              -49.177633353296486,
              -16.673008923016422
            ],
            [
              -49.1776166439542,
              -16.673161169786386
            ],
            [
              -49.17760364680102,
              -16.673281853066126
            ],
            [
              -49.17752195286823,
              -16.673389539887566
            ],
            [
              -49.17741426576688,
              -16.673519507477366
            ],
            [
              -49.17725459249288,
              -16.673703317437486
            ],
            [
              -49.177178469087494,
              -16.67383885504225
            ],
            [
              -49.17712166928286,
              -16.67390465215515
            ],
            [
              -49.177055928879305,
              -16.67392611860817
            ],
            [
              -49.17695752505063,
              -16.67387598821369
            ],
            [
              -49.176933388530294,
              -16.673775727486593
            ],
            [
              -49.17693338829119,
              -16.67366899349525
            ],
            [
              -49.17693338832738,
              -16.673647617963162
            ],
            [
              -49.17691853526505,
              -16.67360862795187
            ],
            [
              -49.17687904830613,
              -16.673593114355597
            ],
            [
              -49.17681456140374,
              -16.67356778084225
            ],
            [
              -49.176749577857564,
              -16.67353807403837
            ],
            [
              -49.17662332505642,
              -16.673502797472928
            ],
            [
              -49.176452511135004,
              -16.67339510987039
            ],
            [
              -49.176399141427915,
              -16.673376431537466
            ],
            [
              -49.176341111166074,
              -16.67335612001327
            ],
            [
              -49.17625384696949,
              -16.67338954015563
            ],
            [
              -49.17621857054365,
              -16.67352136452872
            ],
            [
              -49.17621299984111,
              -16.67363276440437
            ],
            [
              -49.176246420197124,
              -16.673705173995444
            ],
            [
              -49.17629840734925,
              -16.673829571162464
            ],
            [
              -49.1762724140526,
              -16.67394097192083
            ],
            [
              -49.176214856761085,
              -16.67403937475776
            ],
            [
              -49.176187007141806,
              -16.674215758597065
            ],
            [
              -49.17625570344608,
              -16.674362436571137
            ],
            [
              -49.176387526959985,
              -16.674412566110558
            ],
            [
              -49.17647332038072,
              -16.67437908511319
            ],
            [
              -49.1765620199696,
              -16.674343916442687
            ],
            [
              -49.17669010993342,
              -16.674265313372093
            ],
            [
              -49.17684892515576,
              -16.67413743999598
            ],
            [
              -49.17692259456139,
              -16.674088583050786
            ],
            [
              -49.176999214133254,
              -16.67407504841947
            ],
            [
              -49.17707858562904,
              -16.674085903523075
            ],
            [
              -49.17715507195078,
              -16.674115723235293
            ],
            [
              -49.177205985785996,
              -16.674169927359966
            ],
            [
              -49.177254724061626,
              -16.674246170981867
            ],
            [
              -49.17731348602678,
              -16.674343264806367
            ],
            [
              -49.17738674485789,
              -16.6744053407242
            ],
            [
              -49.17753385205681,
              -16.674467466517168
            ],
            [
              -49.17764032330237,
              -16.67451758995632
            ],
            [
              -49.1777261373774,
              -16.67460504810736
            ],
            [
              -49.17778583308052,
              -16.674700097065035
            ],
            [
              -49.177876984893885,
              -16.67481431794249
            ],
            [
              -49.177953389494824,
              -16.674895576765284
            ],
            [
              -49.178043677398186,
              -16.67501412725942
            ],
            [
              -49.178240485279076,
              -16.6752369278214
            ],
            [
              -49.17842429535717,
              -16.675450445079303
            ],
            [
              -49.1785895392223,
              -16.67553770885169
            ],
            [
              -49.17874921276705,
              -16.675587838893033
            ],
            [
              -49.17897201309337,
              -16.675617545980934
            ],
            [
              -49.17909914958875,
              -16.675594919153227
            ],
            [
              -49.179178628102875,
              -16.675578605025628
            ],
            [
              -49.17922976128373,
              -16.675551488504432
            ],
            [
              -49.17936314406932,
              -16.675429798774854
            ],
            [
              -49.17942542201285,
              -16.675400087453152
            ],
            [
              -49.17950183000074,
              -16.675397368866403
            ],
            [
              -49.1795640854861,
              -16.675405497348894
            ],
            [
              -49.179703541395,
              -16.67545972838603
            ],
            [
              -49.17976102492346,
              -16.67548799947846
            ],
            [
              -49.17981679898758,
              -16.675515428737054
            ],
            [
              -49.17986321549465,
              -16.675511715393867
            ],
            [
              -49.17994490917326,
              -16.675495005680173
            ],
            [
              -49.18006930617576,
              -16.67543373520274
            ],
            [
              -49.18022526573751,
              -16.675413311835904
            ],
            [
              -49.180334810255964,
              -16.675428165478042
            ],
            [
              -49.18041836034913,
              -16.675489435402458
            ],
            [
              -49.18042021634921,
              -16.675543279167872
            ],
            [
              -49.180354454162305,
              -16.675609041836346
            ],
            [
              -49.18033109644526,
              -16.675632398865282
            ],
            [
              -49.18025125966255,
              -16.675654679475926
            ],
            [
              -49.18017719662907,
              -16.67567399999813
            ],
            [
              -49.18012314925144,
              -16.67568809919185
            ],
            [
              -49.180112009507646,
              -16.67571780563426
            ],
            [
              -49.18008972875911,
              -16.67576793582296
            ],
            [
              -49.180058166248045,
              -16.67590347311906
            ],
            [
              -49.180047026085894,
              -16.67600744642735
            ],
            [
              -49.18001731944113,
              -16.676141126856372
            ],
            [
              -49.179998752755054,
              -16.676274807596958
            ],
            [
              -49.17992262928536,
              -16.676447477890434
            ],
            [
              -49.17991705879261,
              -16.676518030795606
            ],
            [
              -49.17998575609279,
              -16.676553307535066
            ],
            [
              -49.18004284779208,
              -16.67654365918229
            ],
            [
              -49.18011162104776,
              -16.676543360919474
            ],
            [
              -49.180146037456005,
              -16.676537734870433
            ],
            [
              -49.18026359407046,
              -16.676477089148836
            ],
            [
              -49.18026569508848,
              -16.676476083833506
            ],
            [
              -49.180375656672396,
              -16.67650132082548
            ],
            [
              -49.18044621038359,
              -16.676523600987977
            ],
            [
              -49.18058360325805,
              -16.676558877550136
            ],
            [
              -49.18068757730088,
              -16.676644284915866
            ],
            [
              -49.180750704000104,
              -16.67675939795548
            ],
            [
              -49.1807427699606,
              -16.676794706905575
            ],
            [
              -49.18070280432517,
              -16.676811165448992
            ],
            [
              -49.1805693643038,
              -16.676832914639466
            ],
            [
              -49.180503788856676,
              -16.676876706112267
            ],
            [
              -49.180461203903064,
              -16.676939647170954
            ],
            [
              -49.180458615475835,
              -16.676988913094977
            ],
            [
              -49.180459206817936,
              -16.677065749591044
            ],
            [
              -49.18049819713455,
              -16.677284836592545
            ],
            [
              -49.180488913390846,
              -16.6774036633505
            ],
            [
              -49.18042578702818,
              -16.677520633556206
            ],
            [
              -49.180406206472185,
              -16.67755000468964
            ],
            [
              -49.18038865339256,
              -16.677576334048293
            ],
            [
              -49.180345950364284,
              -16.677598613836455
            ],
            [
              -49.18025868637137,
              -16.677574477140762
            ],
            [
              -49.18017699229736,
              -16.67749649686183
            ],
            [
              -49.1801194356503,
              -16.67742594304198
            ],
            [
              -49.18008230249218,
              -16.67742222998353
            ],
            [
              -49.1800321724473,
              -16.677470503343468
            ],
            [
              -49.180027852754115,
              -16.677486136506598
            ],
            [
              -49.180026132522414,
              -16.677541423499715
            ],
            [
              -49.180057218505375,
              -16.67762277131388
            ],
            [
              -49.180116948845416,
              -16.67768811060797
            ],
            [
              -49.18017607338827,
              -16.677725132070837
            ],
            [
              -49.18063802473623,
              -16.677952459394042
            ],
            [
              -49.18081868754249,
              -16.67804510252935
            ],
            [
              -49.180919198666686,
              -16.678113433911715
            ],
            [
              -49.18109332296636,
              -16.67823927458413
            ],
            [
              -49.18114319405729,
              -16.678256160009447
            ],
            [
              -49.1813059448199,
              -16.6782613558243
            ],
            [
              -49.18137167224801,
              -16.678269548683552
            ],
            [
              -49.181408819706284,
              -16.678291405042877
            ],
            [
              -49.18144026285139,
              -16.678348831219044
            ],
            [
              -49.181511766440934,
              -16.678491165442583
            ],
            [
              -49.181568916891145,
              -16.678532084512984
            ],
            [
              -49.18163751793773,
              -16.67855385202187
            ],
            [
              -49.18176330876435,
              -16.678553772984955
            ],
            [
              -49.181929122467814,
              -16.67854549453568
            ],
            [
              -49.18204038136016,
              -16.678548585869564
            ],
            [
              -49.18220907991583,
              -16.67857302298664
            ],
            [
              -49.182297668992845,
              -16.67857299019931
            ],
            [
              -49.18242240365913,
              -16.678551842172617
            ],
            [
              -49.18242632542911,
              -16.678551417570237
            ],
            [
              -49.18245512780589,
              -16.67865877239054
            ],
            [
              -49.18254610519695,
              -16.678812875895893
            ],
            [
              -49.182575811174104,
              -16.678876002864293
            ],
            [
              -49.18271320582883,
              -16.67901153994129
            ],
            [
              -49.18294157653235,
              -16.679076523443424
            ],
            [
              -49.18299973129421,
              -16.679088985737597
            ],
            [
              -49.183013077973634,
              -16.679104208361842
            ],
            [
              -49.183116172672435,
              -16.679240092981814
            ],
            [
              -49.18315633492362,
              -16.679308162174543
            ],
            [
              -49.18317436176165,
              -16.679349171258128
            ],
            [
              -49.183188513296486,
              -16.6795202684855
            ],
            [
              -49.183151379276964,
              -16.679685512133606
            ],
            [
              -49.18304554953365,
              -16.679947302648255
            ],
            [
              -49.18302326928801,
              -16.680197953030625
            ],
            [
              -49.182965712163245,
              -16.680450460625064
            ],
            [
              -49.18284688555014,
              -16.68063798470451
            ],
            [
              -49.18284502920474,
              -16.680766094472816
            ],
            [
              -49.18284131521959,
              -16.680858927627995
            ],
            [
              -49.18290444270582,
              -16.680923911157585
            ],
            [
              -49.18314117073583,
              -16.68088965051524
            ],
            [
              -49.18324421309821,
              -16.680823651277958
            ],
            [
              -49.18338346322111,
              -16.680758668183966
            ],
            [
              -49.18346152226589,
              -16.68073840493813
            ],
            [
              -49.183530692172816,
              -16.680708190923433
            ],
            [
              -49.18363685761916,
              -16.680688794986313
            ],
            [
              -49.183812214836365,
              -16.680641825391746
            ],
            [
              -49.18391493057765,
              -16.680603231855006
            ],
            [
              -49.18396345917196,
              -16.68056193195635
            ],
            [
              -49.1840096558003,
              -16.68051253158715
            ],
            [
              -49.184126131916706,
              -16.68050244707629
            ],
            [
              -49.18424124597745,
              -16.68050059049313
            ],
            [
              -49.18439906287756,
              -16.68046717055214
            ],
            [
              -49.18445661937451,
              -16.68045974348559
            ],
            [
              -49.184512319929944,
              -16.68049687749661
            ],
            [
              -49.18455130941435,
              -16.680526583735027
            ],
            [
              -49.18466642382729,
              -16.680665834229767
            ],
            [
              -49.18474068984152,
              -16.68072153463049
            ],
            [
              -49.184840950260664,
              -16.680851501320717
            ],
            [
              -49.18491707416318,
              -16.680988894502423
            ],
            [
              -49.185017333892354,
              -16.68106501821334
            ],
            [
              -49.18513616096375,
              -16.681135572204404
            ],
            [
              -49.185290264199736,
              -16.68125811234061
            ],
            [
              -49.185370101379355,
              -16.68130267208455
            ],
            [
              -49.185431590384,
              -16.681300967409076
            ],
            [
              -49.185489252053436,
              -16.681306465212234
            ],
            [
              -49.18554452709234,
              -16.68128719423591
            ],
            [
              -49.18565231537361,
              -16.68125996913808
            ],
            [
              -49.18571915580232,
              -16.681220978964298
            ],
            [
              -49.18578785245774,
              -16.681222835188688
            ],
            [
              -49.18588254304883,
              -16.681246972483326
            ],
            [
              -49.18602736283216,
              -16.68127110893186
            ],
            [
              -49.18627987015336,
              -16.681280391990512
            ],
            [
              -49.186391270386835,
              -16.681278536049913
            ],
            [
              -49.186482247650915,
              -16.681308241978318
            ],
            [
              -49.186567654253174,
              -16.68134908928206
            ],
            [
              -49.18664749142836,
              -16.681414072683676
            ],
            [
              -49.18674403825361,
              -16.68141964327961
            ],
            [
              -49.18682944511133,
              -16.681404789728465
            ],
            [
              -49.18688143214781,
              -16.681402932727348
            ],
            [
              -49.18691299529833,
              -16.68143820929377
            ],
            [
              -49.18691485230942,
              -16.681527329785673
            ],
            [
              -49.18691563675398,
              -16.681631273515844
            ],
            [
              -49.18680498367544,
              -16.68170520035537
            ],
            [
              -49.18676631814771,
              -16.681703713214734
            ],
            [
              -49.18668462415205,
              -16.68176127005753
            ],
            [
              -49.1866029311579,
              -16.681870813817238
            ],
            [
              -49.18660850059659,
              -16.681943223971075
            ],
            [
              -49.18660753393746,
              -16.681995629851865
            ],
            [
              -49.18662755577564,
              -16.682034455013902
            ],
            [
              -49.18667424857095,
              -16.682073495727735
            ],
            [
              -49.18674495556715,
              -16.68211562294382
            ],
            [
              -49.18679778253704,
              -16.68216311273207
            ],
            [
              -49.1868469013932,
              -16.682263136188986
            ],
            [
              -49.18689019138418,
              -16.682365989269574
            ],
            [
              -49.18693961618843,
              -16.68241328567969
            ],
            [
              -49.18699757073432,
              -16.682449415971575
            ],
            [
              -49.18711351586408,
              -16.68250393820986
            ],
            [
              -49.1872044928915,
              -16.682528074975345
            ],
            [
              -49.18726614228252,
              -16.68255037719786
            ],
            [
              -49.187300954177765,
              -16.682589230620128
            ],
            [
              -49.187328838873825,
              -16.682676118522593
            ],
            [
              -49.18740597214859,
              -16.682749752602533
            ],
            [
              -49.18745900290083,
              -16.682783515601212
            ],
            [
              -49.18757755787175,
              -16.68284436127951
            ],
            [
              -49.187615520640534,
              -16.68286393948812
            ],
            [
              -49.187647079516736,
              -16.68290537759978
            ],
            [
              -49.187707650276685,
              -16.682971820283328
            ],
            [
              -49.18789517367601,
              -16.683101787074996
            ],
            [
              -49.18792249366616,
              -16.683144172971975
            ],
            [
              -49.187936405355444,
              -16.68317999428705
            ],
            [
              -49.18792823676157,
              -16.683397183191033
            ],
            [
              -49.187899768651825,
              -16.683604567400586
            ],
            [
              -49.187873942043254,
              -16.683839841825332
            ],
            [
              -49.18787994860536,
              -16.683946198734006
            ],
            [
              -49.18793361005081,
              -16.684164773772313
            ],
            [
              -49.18797557354758,
              -16.68425179752288
            ],
            [
              -49.18802556074914,
              -16.684296596580417
            ],
            [
              -49.18811312038294,
              -16.68433289090465
            ],
            [
              -49.188208951895234,
              -16.684343899797693
            ],
            [
              -49.18837718977606,
              -16.68433093005045
            ],
            [
              -49.18842666319465,
              -16.6843336518758
            ],
            [
              -49.18847644746846,
              -16.684375624396925
            ],
            [
              -49.18852662071972,
              -16.684459604288104
            ],
            [
              -49.18857058160166,
              -16.68451267809253
            ],
            [
              -49.188643652875875,
              -16.68457685529535
            ],
            [
              -49.188728332260816,
              -16.684654898638595
            ],
            [
              -49.188772105706924,
              -16.684715241156766
            ],
            [
              -49.188810509861106,
              -16.684807945305682
            ],
            [
              -49.188839460758544,
              -16.6848411593589
            ],
            [
              -49.18889158540548,
              -16.6848603281708
            ],
            [
              -49.18897564515906,
              -16.684879362543633
            ],
            [
              -49.1890307251431,
              -16.68490686671363
            ],
            [
              -49.1890741600148,
              -16.68497331095952
            ],
            [
              -49.18906117532343,
              -16.685097042466364
            ],
            [
              -49.18906389336746,
              -16.685216572257914
            ],
            [
              -49.18904631017072,
              -16.685305655531913
            ],
            [
              -49.18884414578165,
              -16.685971258736227
            ],
            [
              -49.188805765394996,
              -16.686080427785523
            ],
            [
              -49.18880876733591,
              -16.686151288381524
            ],
            [
              -49.188834927193014,
              -16.686235180081017
            ],
            [
              -49.188867138572455,
              -16.68633880249265
            ],
            [
              -49.18890809114294,
              -16.686372397176747
            ],
            [
              -49.188954884417605,
              -16.686389183541312
            ],
            [
              -49.1890162984989,
              -16.686405965001214
            ],
            [
              -49.1890689485672,
              -16.6864423556518
            ],
            [
              -49.189142088997556,
              -16.686526354786068
            ],
            [
              -49.18920351846296,
              -16.686576746744187
            ],
            [
              -49.189357807614755,
              -16.686647725548017
            ],
            [
              -49.18945247969381,
              -16.686709709627937
            ],
            [
              -49.189505527333694,
              -16.68679350034867
            ],
            [
              -49.18951129542231,
              -16.68688255931986
            ],
            [
              -49.18949020026803,
              -16.68696048583714
            ],
            [
              -49.18944549890502,
              -16.687024683416997
            ],
            [
              -49.18942742697801,
              -16.687086212483976
            ],
            [
              -49.18942438598282,
              -16.68713375876879
            ],
            [
              -49.18944787803614,
              -16.68717284813125
            ],
            [
              -49.1895037200581,
              -16.687206219669946
            ],
            [
              -49.189574087149886,
              -16.687225568739105
            ],
            [
              -49.18965619551671,
              -16.687219671715635
            ],
            [
              -49.18972950655139,
              -16.687246580728118
            ],
            [
              -49.18981401213772,
              -16.687305211030285
            ],
            [
              -49.18988330862711,
              -16.68740202918317
            ],
            [
              -49.189905773627586,
              -16.687487481530354
            ],
            [
              -49.18989325666129,
              -16.687561956358035
            ],
            [
              -49.18989282253155,
              -16.687653766770634
            ],
            [
              -49.189915260222385,
              -16.687888093817655
            ],
            [
              -49.189946950897955,
              -16.688002692153386
            ],
            [
              -49.18997900527554,
              -16.68805307549731
            ],
            [
              -49.19002876005799,
              -16.688081086820553
            ],
            [
              -49.19012847265965,
              -16.68809513432461
            ],
            [
              -49.190466663560656,
              -16.688151932017824
            ],
            [
              -49.19087327416032,
              -16.688278185512086
            ],
            [
              -49.191029234593664,
              -16.688339455070466
            ],
            [
              -49.19117776855598,
              -16.68841929281755
            ],
            [
              -49.19126334784667,
              -16.68847541274429
            ],
            [
              -49.19132401387982,
              -16.688594814742522
            ],
            [
              -49.191372718630234,
              -16.68867736985729
            ],
            [
              -49.19145069888238,
              -16.688714503651934
            ],
            [
              -49.19154724601413,
              -16.68870521980801
            ],
            [
              -49.19164564960504,
              -16.688686653154424
            ],
            [
              -49.191693922701106,
              -16.688707076253092
            ],
            [
              -49.19180825926458,
              -16.688787637643472
            ],
            [
              -49.19183453064204,
              -16.68884050573292
            ],
            [
              -49.191825838008484,
              -16.688904567579563
            ],
            [
              -49.1918083542637,
              -16.68896322315448
            ],
            [
              -49.191814233922116,
              -16.689033155634792
            ],
            [
              -49.19181460634646,
              -16.689124827688502
            ],
            [
              -49.1918108933323,
              -16.689187954439696
            ],
            [
              -49.19183131616099,
              -16.689269647895028
            ],
            [
              -49.191832637550526,
              -16.68927449010709
            ],
            [
              -49.191788047116226,
              -16.689338767785394
            ],
            [
              -49.19170605739603,
              -16.689465300427102
            ],
            [
              -49.191676760111115,
              -16.689594653711815
            ],
            [
              -49.191684349596215,
              -16.689747423639954
            ],
            [
              -49.19171414787178,
              -16.689890705530946
            ],
            [
              -49.19175234100901,
              -16.689974885579392
            ],
            [
              -49.1918195211853,
              -16.690056183417415
            ],
            [
              -49.19193642981541,
              -16.690188020589012
            ],
            [
              -49.19207153534275,
              -16.690317081792614
            ],
            [
              -49.19218621033566,
              -16.690426367971245
            ],
            [
              -49.192227325853615,
              -16.690454353965595
            ],
            [
              -49.192271323581245,
              -16.690457101271377
            ],
            [
              -49.192318182774756,
              -16.690431829314754
            ],
            [
              -49.192353184758545,
              -16.690350532426866
            ],
            [
              -49.19238548477962,
              -16.69025796115357
            ],
            [
              -49.19245881254581,
              -16.69012344423502
            ],
            [
              -49.19251745624635,
              -16.690064710791344
            ],
            [
              -49.19260231706802,
              -16.69003403913467
            ],
            [
              -49.19268118866877,
              -16.690025718186753
            ],
            [
              -49.19275123835907,
              -16.690050857427067
            ],
            [
              -49.192797959989875,
              -16.690103919395497
            ],
            [
              -49.19286562593059,
              -16.690327560519925
            ],
            [
              -49.19288013593574,
              -16.690360814272523
            ],
            [
              -49.19291227378084,
              -16.690380302853395
            ],
            [
              -49.19304670951237,
              -16.690433002177986
            ],
            [
              -49.19311097187807,
              -16.690479886612742
            ],
            [
              -49.19315774915624,
              -16.690538020932596
            ],
            [
              -49.19321924186459,
              -16.690657335759415
            ],
            [
              -49.193245649391066,
              -16.690729396558314
            ],
            [
              -49.193266260635454,
              -16.69085465614452
            ],
            [
              -49.193283970216115,
              -16.690910492681116
            ],
            [
              -49.19332830619399,
              -16.690983295552645
            ],
            [
              -49.19341687938135,
              -16.691088050268153
            ],
            [
              -49.193473541371645,
              -16.691208941221394
            ],
            [
              -49.193601651908324,
              -16.69132591081091
            ],
            [
              -49.19370469751083,
              -16.69141410310533
            ],
            [
              -49.194121520294104,
              -16.69159141517083
            ],
            [
              -49.194277277614006,
              -16.691608053592386
            ],
            [
              -49.19439232253288,
              -16.691627786585865
            ],
            [
              -49.194495174197634,
              -16.69162200917487
            ],
            [
              -49.19462980710237,
              -16.691596373090086
            ],
            [
              -49.19491491572225,
              -16.6915424973237
            ],
            [
              -49.19505346376632,
              -16.691499890166334
            ],
            [
              -49.195215486315504,
              -16.691471555895454
            ],
            [
              -49.1953330683151,
              -16.69146293277836
            ],
            [
              -49.19544126952585,
              -16.691468247213553
            ],
            [
              -49.195627449914944,
              -16.69150683376366
            ],
            [
              -49.19583223931121,
              -16.691548384495956
            ],
            [
              -49.19598828796894,
              -16.691573364455518
            ],
            [
              -49.196112567825416,
              -16.69158722949182
            ],
            [
              -49.196225860435085,
              -16.691595804747582
            ],
            [
              -49.19634500131512,
              -16.69161859042055
            ],
            [
              -49.196428350808795,
              -16.69164419323238
            ],
            [
              -49.196571323284246,
              -16.69168698722158
            ],
            [
              -49.1966843860337,
              -16.691712677231045
            ],
            [
              -49.19685595580902,
              -16.69171592005467
            ],
            [
              -49.19639445347432,
              -16.69259438319939
            ],
            [
              -49.19623331535018,
              -16.692775526606482
            ],
            [
              -49.19576349380039,
              -16.69359028247492
            ],
            [
              -49.19562345760022,
              -16.69378433747157
            ],
            [
              -49.19548316163547,
              -16.69389769363781
            ],
            [
              -49.19456936977081,
              -16.69444877322246
            ],
            [
              -49.194464527520374,
              -16.694543209292537
            ],
            [
              -49.194359637652255,
              -16.694745172908103
            ],
            [
              -49.19425940509409,
              -16.695021398259247
            ],
            [
              -49.19417540290045,
              -16.695286013836085
            ],
            [
              -49.194015334548915,
              -16.696278158227607
            ],
            [
              -49.19396681303731,
              -16.69650736752225
            ],
            [
              -49.19388299305997,
              -16.69666888412179
            ],
            [
              -49.193404304262174,
              -16.69720619309223
            ],
            [
              -49.193271039887925,
              -16.697340801920504
            ],
            [
              -49.192316251214685,
              -16.698277659798087
            ],
            [
              -49.19211272363754,
              -16.698452594091655
            ],
            [
              -49.19126438734728,
              -16.699071593584325
            ],
            [
              -49.19116111401371,
              -16.699176498685922
            ],
            [
              -49.191006822792914,
              -16.699358031197207
            ],
            [
              -49.19090122196284,
              -16.69956668550618
            ],
            [
              -49.190868414377825,
              -16.699735160771947
            ],
            [
              -49.19088979730458,
              -16.699955759074456
            ],
            [
              -49.191365786024996,
              -16.70113608129875
            ],
            [
              -49.19137246273256,
              -16.70128404318351
            ],
            [
              -49.19133027287513,
              -16.7013915426713
            ],
            [
              -49.19117654605852,
              -16.701532260724328
            ],
            [
              -49.19081994618883,
              -16.701753385641304
            ],
            [
              -49.19060253562069,
              -16.701874303839084
            ],
            [
              -49.19044086062579,
              -16.701961893093326
            ],
            [
              -49.190285692363695,
              -16.702091884657037
            ],
            [
              -49.18981223227107,
              -16.702655786473677
            ],
            [
              -49.189499973924974,
              -16.7029401740501
            ],
            [
              -49.1891504652158,
              -16.703229240808657
            ],
            [
              -49.188500990664004,
              -16.70357400939353
            ],
            [
              -49.18782314088916,
              -16.703837886071952
            ],
            [
              -49.18746542478878,
              -16.703958982297515
            ],
            [
              -49.18673614130799,
              -16.704322384060795
            ],
            [
              -49.18638542075241,
              -16.704558295050326
            ],
            [
              -49.18625896955697,
              -16.70467976918649
            ],
            [
              -49.18583666303919,
              -16.705172386512196
            ],
            [
              -49.185667687639956,
              -16.705307613066797
            ],
            [
              -49.18552679200295,
              -16.705368500040105
            ],
            [
              -49.18536465821721,
              -16.70536876865762
            ],
            [
              -49.18523766488545,
              -16.705321774672484
            ],
            [
              -49.18511047604809,
              -16.7051735486202
            ],
            [
              -49.1849758803277,
              -16.704775225122052
            ],
            [
              -49.18460562504572,
              -16.70383178917054
            ],
            [
              -49.18448009476682,
              -16.70363065628628
            ],
            [
              -49.1843402635868,
              -16.703543751008247
            ],
            [
              -49.18420038794557,
              -16.703510550691337
            ],
            [
              -49.184025343926955,
              -16.703517570575205
            ],
            [
              -49.18388509890212,
              -16.703591557183927
            ],
            [
              -49.183652876047354,
              -16.703927365075202
            ],
            [
              -49.1835393423321,
              -16.704135557270895
            ],
            [
              -49.18351647192285,
              -16.704337196007273
            ],
            [
              -49.183575029001176,
              -16.704551476685698
            ],
            [
              -49.183617923818694,
              -16.704637829160202
            ],
            [
              -49.18382341063879,
              -16.70479753545859
            ],
            [
              -49.183936764636776,
              -16.704904611854072
            ],
            [
              -49.18397931469141,
              -16.70499879183559
            ],
            [
              -49.184358591266765,
              -16.707307518208566
            ],
            [
              -49.18437388101671,
              -16.707465883561227
            ],
            [
              -49.18428388774854,
              -16.70848992103014
            ],
            [
              -49.1841855214975,
              -16.708712483647087
            ],
            [
              -49.18405961056135,
              -16.708866793039494
            ],
            [
              -49.18395407575533,
              -16.708967913885196
            ],
            [
              -49.18295326212605,
              -16.709533747319995
            ],
            [
              -49.18276231979042,
              -16.70964268009557
            ],
            [
              -49.182635172206886,
              -16.70975816622246
            ],
            [
              -49.18250813324505,
              -16.709893657069895
            ],
            [
              -49.182220806415295,
              -16.71060998441298
            ],
            [
              -49.18214402548345,
              -16.710784755380587
            ],
            [
              -49.18207367641187,
              -16.71089252234729
            ],
            [
              -49.181765159830846,
              -16.711248843355467
            ],
            [
              -49.18155594429033,
              -16.71142298481902
            ],
            [
              -49.181351995461156,
              -16.711570668952522
            ],
            [
              -49.18113387722762,
              -16.7117257063371
            ],
            [
              -49.180246674424524,
              -16.71244284306651
            ],
            [
              -49.18006795077671,
              -16.71250897500934
            ],
            [
              -49.179878062681205,
              -16.71252207756368
            ],
            [
              -49.17967744957317,
              -16.712475775189066
            ],
            [
              -49.17949203571036,
              -16.712376208454838
            ],
            [
              -49.17932303866706,
              -16.71218300549546
            ],
            [
              -49.17918888602944,
              -16.711975459378948
            ],
            [
              -49.179076886388735,
              -16.71171277572033
            ],
            [
              -49.17884112300392,
              -16.711333905956664
            ],
            [
              -49.178714738035346,
              -16.711178131852346
            ],
            [
              -49.17853187894088,
              -16.711008625952456
            ],
            [
              -49.17834867311963,
              -16.710886460797102
            ],
            [
              -49.17816456150441,
              -16.71082577544121
            ],
            [
              -49.17795141717222,
              -16.71080654672513
            ],
            [
              -49.17776716653597,
              -16.710868194986652
            ],
            [
              -49.17761584812634,
              -16.71098550128205
            ],
            [
              -49.177188879781255,
              -16.71132767175549
            ],
            [
              -49.17666668853517,
              -16.711747294149117
            ],
            [
              -49.17649758302787,
              -16.71187570318771
            ],
            [
              -49.17638452849533,
              -16.71200415934091
            ],
            [
              -49.176003789196024,
              -16.712707078698752
            ],
            [
              -49.17589794935292,
              -16.712930216345026
            ],
            [
              -49.17585573215691,
              -16.713078832129398
            ],
            [
              -49.17590461342486,
              -16.71328517665022
            ],
            [
              -49.176073628104234,
              -16.713551110902003
            ],
            [
              -49.176200201838505,
              -16.713721456872868
            ],
            [
              -49.17627039167296,
              -16.713925055415412
            ],
            [
              -49.17627046468168,
              -16.714120543486423
            ],
            [
              -49.1762074304709,
              -16.71428810112092
            ],
            [
              -49.17608797742107,
              -16.714415277907744
            ],
            [
              -49.17569356527883,
              -16.71469006949342
            ],
            [
              -49.17533387570902,
              -16.71493989145263
            ],
            [
              -49.17515066747969,
              -16.71514296774639
            ],
            [
              -49.17502388018644,
              -16.715379542299548
            ],
            [
              -49.17453013652354,
              -16.717218419018536
            ],
            [
              -49.17453677623214,
              -16.717426379372448
            ],
            [
              -49.17458589365277,
              -16.717547097972936
            ],
            [
              -49.174747906891525,
              -16.717694459704393
            ],
            [
              -49.17533422502669,
              -16.71805748431905
            ],
            [
              -49.17555214989366,
              -16.71819481960917
            ],
            [
              -49.17566410639025,
              -16.71834495189651
            ],
            [
              -49.17569895578693,
              -16.718547453379806
            ],
            [
              -49.17565700122262,
              -16.71878244947672
            ],
            [
              -49.175496088180374,
              -16.719225332369415
            ],
            [
              -49.17527150694749,
              -16.71963562754227
            ],
            [
              -49.174671527848325,
              -16.720433792687363
            ],
            [
              -49.17461079149589,
              -16.72059900141371
            ],
            [
              -49.17461112774448,
              -16.720782338206167
            ],
            [
              -49.174689279735034,
              -16.72102691510771
            ],
            [
              -49.17478843572535,
              -16.72119683919139
            ],
            [
              -49.17498597577421,
              -16.721406264685402
            ],
            [
              -49.1757758254457,
              -16.72211526251101
            ],
            [
              -49.17650148040234,
              -16.722696224618247
            ],
            [
              -49.17662179015099,
              -16.72284418945332
            ],
            [
              -49.176692976372955,
              -16.722998995477315
            ],
            [
              -49.177162738798664,
              -16.724071908129847
            ],
            [
              -49.17721682499919,
              -16.724300205208763
            ],
            [
              -49.17718872458526,
              -16.724529020337794
            ],
            [
              -49.17711249171502,
              -16.724711432141333
            ],
            [
              -49.17695282787462,
              -16.724841148111427
            ],
            [
              -49.176714867794495,
              -16.72497776207492
            ],
            [
              -49.176588471531694,
              -16.72500550526341
            ],
            [
              -49.17643388489246,
              -16.72495247023191
            ],
            [
              -49.176131045691335,
              -16.724690452909712
            ],
            [
              -49.176003810710384,
              -16.72459589226641
            ],
            [
              -49.17589773781399,
              -16.724582501281546
            ],
            [
              -49.17571383761255,
              -16.724609954769267
            ],
            [
              -49.17455321960376,
              -16.724718793348742
            ],
            [
              -49.17404383526263,
              -16.724813754763037
            ],
            [
              -49.17383728128311,
              -16.724904952666044
            ],
            [
              -49.17330063189775,
              -16.72525110675045
            ],
            [
              -49.172716352630765,
              -16.725720348172942
            ],
            [
              -49.17253808990464,
              -16.72580819139648
            ],
            [
              -49.17237147093898,
              -16.72583381488848
            ],
            [
              -49.172227594173044,
              -16.72580573297343
            ],
            [
              -49.172055866254524,
              -16.725723659679666
            ],
            [
              -49.171901126537556,
              -16.725608978681507
            ],
            [
              -49.17173362864916,
              -16.725366113963094
            ],
            [
              -49.171375139780004,
              -16.724851767278455
            ],
            [
              -49.17104271138112,
              -16.7243838560745
            ],
            [
              -49.17077982862474,
              -16.72412622809183
            ],
            [
              -49.17027690979724,
              -16.723827978836322
            ],
            [
              -49.16990139165937,
              -16.723638309725597
            ],
            [
              -49.16955429775863,
              -16.723543670522094
            ],
            [
              -49.16933490422591,
              -16.723523191748683
            ],
            [
              -49.16905169853347,
              -16.723576660893485
            ],
            [
              -49.16868271571201,
              -16.7237728124825
            ],
            [
              -49.168476962684586,
              -16.723922430076342
            ],
            [
              -49.16834261597649,
              -16.724099387200916
            ],
            [
              -49.16822262201469,
              -16.724262546257066
            ],
            [
              -49.1680961212784,
              -16.724323782079345
            ],
            [
              -49.16792761326697,
              -16.724330722524368
            ],
            [
              -49.16772392028121,
              -16.724276754098984
            ],
            [
              -49.16760454851101,
              -16.72420924596798
            ],
            [
              -49.167505812778344,
              -16.724047037493573
            ],
            [
              -49.16744899682722,
              -16.723904984118278
            ],
            [
              -49.167458707521384,
              -16.72361331615189
            ],
            [
              -49.16742289233514,
              -16.72286905307248
            ],
            [
              -49.16748649880667,
              -16.72259112340417
            ],
            [
              -49.1675713159746,
              -16.72247630291676
            ],
            [
              -49.1677128784404,
              -16.722422554334457
            ],
            [
              -49.16806778336069,
              -16.72233138881151
            ],
            [
              -49.16849110419762,
              -16.72218285482179
            ],
            [
              -49.1687287580543,
              -16.72208630763924
            ],
            [
              -49.16884758499568,
              -16.721908067651725
            ],
            [
              -49.16887914840389,
              -16.721733539511497
            ],
            [
              -49.16880488194224,
              -16.72153858912912
            ],
            [
              -49.168513384761994,
              -16.72122852547134
            ],
            [
              -49.16792667660231,
              -16.720289049509383
            ],
            [
              -49.16746302897066,
              -16.719427361600957
            ],
            [
              -49.16734934424581,
              -16.719236965020695
            ],
            [
              -49.16727820673805,
              -16.719039614078305
            ],
            [
              -49.16730649837148,
              -16.71893065249509
            ],
            [
              -49.16744837360208,
              -16.718842112036498
            ],
            [
              -49.1675050352752,
              -16.718746814949828
            ],
            [
              -49.1675472927304,
              -16.718508722063397
            ],
            [
              -49.16757554808509,
              -16.718345605157957
            ],
            [
              -49.167744945392485,
              -16.717978689732018
            ],
            [
              -49.167836049994726,
              -16.717741317225858
            ],
            [
              -49.16790575032253,
              -16.71748408729522
            ],
            [
              -49.16787662614803,
              -16.717213648867574
            ],
            [
              -49.1677982400412,
              -16.717017909979518
            ],
            [
              -49.16768468806147,
              -16.716896771491747
            ],
            [
              -49.16750790886444,
              -16.71678225940595
            ],
            [
              -49.167324403996176,
              -16.71672135272795
            ],
            [
              -49.16661821253462,
              -16.716652651805774
            ],
            [
              -49.166469782918625,
              -16.716605240808775
            ],
            [
              -49.16625781631156,
              -16.716429576732846
            ],
            [
              -49.166144637873515,
              -16.716334643152827
            ],
            [
              -49.1659107485143,
              -16.716218413973323
            ],
            [
              -49.16446043464651,
              -16.71551739074638
            ],
            [
              -49.16428305086909,
              -16.715422324193526
            ],
            [
              -49.16416231963818,
              -16.715381659955764
            ],
            [
              -49.16336169063963,
              -16.71524525101756
            ],
            [
              -49.16320542497297,
              -16.715204626438076
            ],
            [
              -49.16305736738837,
              -16.71511544080402
            ],
            [
              -49.16261893903798,
              -16.714768611902915
            ],
            [
              -49.16231557625413,
              -16.714533839265904
            ],
            [
              -49.16210867924353,
              -16.71444326415763
            ],
            [
              -49.1618959877749,
              -16.714385189121828
            ],
            [
              -49.16173350247935,
              -16.714366234093035
            ],
            [
              -49.16158588789773,
              -16.71441291330407
            ],
            [
              -49.161480857428884,
              -16.714478708077834
            ],
            [
              -49.1614399131293,
              -16.71458957833026
            ],
            [
              -49.161464805167576,
              -16.714904524351915
            ],
            [
              -49.16154420551228,
              -16.715077604804062
            ],
            [
              -49.16166507538818,
              -16.715240053858352
            ],
            [
              -49.16177861453131,
              -16.715416632128598
            ],
            [
              -49.161799331382696,
              -16.71557371833257
            ],
            [
              -49.16175636961935,
              -16.71577126192279
            ],
            [
              -49.16157201596771,
              -16.71622631379856
            ],
            [
              -49.16141621230438,
              -16.71643670801959
            ],
            [
              -49.161266955511834,
              -16.716586581044375
            ],
            [
              -49.16102597026423,
              -16.716709088356325
            ],
            [
              -49.160155417377915,
              -16.717233302927887
            ],
            [
              -49.15990662717883,
              -16.717321320715065
            ],
            [
              -49.159793194936604,
              -16.71734839403673
            ],
            [
              -49.159609699366285,
              -16.7173213960268
            ],
            [
              -49.159433879618895,
              -16.717226751352676
            ],
            [
              -49.15904799127154,
              -16.716854238667914
            ],
            [
              -49.15852220738205,
              -16.716119102401624
            ],
            [
              -49.158297221616316,
              -16.715715590879373
            ],
            [
              -49.158182488209526,
              -16.715499263257865
            ],
            [
              -49.15785384432182,
              -16.715082549510047
            ],
            [
              -49.15771864552591,
              -16.71499613416158
            ],
            [
              -49.157561869711984,
              -16.714939394441377
            ],
            [
              -49.157398775849636,
              -16.714942739236044
            ],
            [
              -49.156947290374745,
              -16.71514987414983
            ],
            [
              -49.156855741228014,
              -16.715277797085985
            ],
            [
              -49.15686970979541,
              -16.715410634207153
            ],
            [
              -49.15721602494099,
              -16.715899399057616
            ],
            [
              -49.15732920771424,
              -16.71610280917679
            ],
            [
              -49.15736469314345,
              -16.716278704337345
            ],
            [
              -49.157350466187154,
              -16.716482280343662
            ],
            [
              -49.15728656615001,
              -16.716692924891497
            ],
            [
              -49.15708177157559,
              -16.716936681656037
            ],
            [
              -49.15695473066125,
              -16.717024609685158
            ],
            [
              -49.15672890668402,
              -16.717072033246033
            ],
            [
              -49.156524251348124,
              -16.717078852989527
            ],
            [
              -49.15631928762748,
              -16.71701120249257
            ],
            [
              -49.156057179410716,
              -16.716767400000077
            ],
            [
              -49.15573144335163,
              -16.716523477521395
            ],
            [
              -49.155519358024414,
              -16.716455834126528
            ],
            [
              -49.155287072616325,
              -16.716422548874217
            ],
            [
              -49.155062615979524,
              -16.716477411228897
            ],
            [
              -49.15495674052829,
              -16.716626177455485
            ],
            [
              -49.15487124959601,
              -16.71686944104272
            ],
            [
              -49.154877699320664,
              -16.71705875924524
            ],
            [
              -49.15503544410719,
              -16.71737892946523
            ],
            [
              -49.15610784101638,
              -16.719365843863947
            ],
            [
              -49.15615766897183,
              -16.719481175955444
            ],
            [
              -49.156186151038504,
              -16.719616678049732
            ],
            [
              -49.15625738008076,
              -16.720151513086424
            ],
            [
              -49.156420859186504,
              -16.721030798933274
            ],
            [
              -49.15644254074737,
              -16.72133478357364
            ],
            [
              -49.156414371838416,
              -16.721503763968016
            ],
            [
              -49.15635279532728,
              -16.721626853044718
            ],
            [
              -49.156001338538346,
              -16.72203672272747
            ],
            [
              -49.15587398578231,
              -16.72219275290809
            ],
            [
              -49.15533757134261,
              -16.723180214515285
            ],
            [
              -49.155266927377596,
              -16.72336984986005
            ],
            [
              -49.15523163127348,
              -16.72357988937683
            ],
            [
              -49.15522446243286,
              -16.72381047552492
            ],
            [
              -49.15531785337684,
              -16.724949767844496
            ],
            [
              -49.15534130248151,
              -16.7250915203407
            ],
            [
              -49.1555259888375,
              -16.725599468643775
            ],
            [
              -49.15554025014916,
              -16.725769140291987
            ],
            [
              -49.15547651310115,
              -16.726176782117978
            ],
            [
              -49.15522824987961,
              -16.727231212964217
            ],
            [
              -49.15517877409171,
              -16.727393712738436
            ],
            [
              -49.155001884060106,
              -16.72792297796872
            ],
            [
              -49.15500192359491,
              -16.72803143113644
            ],
            [
              -49.155033853252014,
              -16.72824608747426
            ],
            [
              -49.15501978657904,
              -16.7284084444878
            ],
            [
              -49.15484338234699,
              -16.72930127932877
            ],
            [
              -49.15477976070238,
              -16.729538337410727
            ],
            [
              -49.15450369453035,
              -16.73010709494514
            ],
            [
              -49.154390302264595,
              -16.73026300250414
            ],
            [
              -49.15424858700032,
              -16.730317478810836
            ],
            [
              -49.15408543726022,
              -16.730310480477
            ],
            [
              -49.153730152494205,
              -16.730058322205597
            ],
            [
              -49.15360230854087,
              -16.729963093335147
            ],
            [
              -49.153474514605826,
              -16.72992908720481
            ],
            [
              -49.15329051211483,
              -16.72995003308721
            ],
            [
              -49.15307043369978,
              -16.730051842261815
            ],
            [
              -49.152409521561054,
              -16.73050920795318
            ],
            [
              -49.15223327315554,
              -16.73063137571133
            ],
            [
              -49.151542016164875,
              -16.731018303416985
            ],
            [
              -49.151296683389226,
              -16.73122311157467
            ],
            [
              -49.15109066220846,
              -16.731494662201086
            ],
            [
              -49.15073585237507,
              -16.732111670628957
            ],
            [
              -49.15062193680767,
              -16.732274628902587
            ],
            [
              -49.14917732883806,
              -16.73421978009458
            ],
            [
              -49.14907783592256,
              -16.73439031207375
            ],
            [
              -49.14888399317041,
              -16.735025368035487
            ],
            [
              -49.14887776464248,
              -16.73527509117039
            ],
            [
              -49.14890706016721,
              -16.735450320784174
            ],
            [
              -49.14907160407763,
              -16.73580933733387
            ],
            [
              -49.14946341906991,
              -16.7367413215989
            ],
            [
              -49.14949901091704,
              -16.736931937798342
            ],
            [
              -49.14944906290435,
              -16.73713618659347
            ],
            [
              -49.14932056975522,
              -16.737353944473796
            ],
            [
              -49.148994242284175,
              -16.737823756081777
            ],
            [
              -49.14886469284348,
              -16.73800310006961
            ],
            [
              -49.148520819098245,
              -16.73859833129293
            ],
            [
              -49.14839097708821,
              -16.738818037052972
            ],
            [
              -49.14823432702344,
              -16.738981728608007
            ],
            [
              -49.1480360005625,
              -16.739117362122645
            ],
            [
              -49.146533465048016,
              -16.739957103579282
            ],
            [
              -49.14617105448839,
              -16.740173957971578
            ],
            [
              -49.14578650399367,
              -16.74033685873511
            ],
            [
              -49.145536971949284,
              -16.7404116603698
            ],
            [
              -49.145151924379554,
              -16.740445734694713
            ],
            [
              -49.1448386830506,
              -16.74041200581158
            ],
            [
              -49.14457542084558,
              -16.740337275896714
            ],
            [
              -49.14432739813227,
              -16.740208566403634
            ],
            [
              -49.14417865204694,
              -16.740018271387235
            ],
            [
              -49.14409347596465,
              -16.739841318253863
            ],
            [
              -49.14394497650878,
              -16.739406242910658
            ],
            [
              -49.143902660192815,
              -16.739236394190556
            ],
            [
              -49.14357530682763,
              -16.738719576158594
            ],
            [
              -49.1434712875867,
              -16.738606681597766
            ],
            [
              -49.143304365778846,
              -16.738555571730366
            ],
            [
              -49.14310885805738,
              -16.738591866202896
            ],
            [
              -49.142680066235535,
              -16.73883727652146
            ],
            [
              -49.14235540214543,
              -16.739155304015327
            ],
            [
              -49.14230653934989,
              -16.73935848118983
            ],
            [
              -49.14233451819888,
              -16.7395138603568
            ],
            [
              -49.142489965291915,
              -16.73979787458576
            ],
            [
              -49.14272863557802,
              -16.740223389116224
            ],
            [
              -49.14305351903953,
              -16.740702326263218
            ],
            [
              -49.14331746119732,
              -16.741129354395504
            ],
            [
              -49.1437113833302,
              -16.741918260397096
            ],
            [
              -49.14429428481434,
              -16.74308271064094
            ],
            [
              -49.14445030260561,
              -16.743320852425615
            ],
            [
              -49.144549201227775,
              -16.743538543921414
            ],
            [
              -49.14467013220219,
              -16.743838466773656
            ],
            [
              -49.1447703933444,
              -16.74398185193566
            ],
            [
              -49.144921009889295,
              -16.744091286907622
            ],
            [
              -49.145085972715584,
              -16.744146223039245
            ],
            [
              -49.14536529357594,
              -16.744099376782867
            ],
            [
              -49.1462962264003,
              -16.74371228963374
            ],
            [
              -49.14655152745734,
              -16.743582610634547
            ],
            [
              -49.14714792945155,
              -16.743187341019105
            ],
            [
              -49.14753156062179,
              -16.74304419755399
            ],
            [
              -49.14773762199392,
              -16.743030473257477
            ],
            [
              -49.148156928033785,
              -16.743111883283632
            ],
            [
              -49.1486420021649,
              -16.743225547688713
            ],
            [
              -49.14916785744457,
              -16.743491525780705
            ],
            [
              -49.1492883923593,
              -16.74362792277773
            ],
            [
              -49.149323852218686,
              -16.74373691819278
            ],
            [
              -49.149330564283986,
              -16.743968588029567
            ],
            [
              -49.14928074125433,
              -16.74440430354916
            ],
            [
              -49.149231022579706,
              -16.744737853811117
            ],
            [
              -49.14908186921037,
              -16.74505100009621
            ],
            [
              -49.148925211190054,
              -16.745248364467166
            ],
            [
              -49.14861221114488,
              -16.7453844346552
            ],
            [
              -49.148477295571375,
              -16.745404910805895
            ],
            [
              -49.14825682587892,
              -16.745357252542576
            ],
            [
              -49.147858495943794,
              -16.745112271025818
            ],
            [
              -49.147531674383266,
              -16.74488111772705
            ],
            [
              -49.14736835262997,
              -16.744799563325568
            ],
            [
              -49.147011483724334,
              -16.74473686327519
            ],
            [
              -49.14684150412394,
              -16.74470967585919
            ],
            [
              -49.146250953356365,
              -16.744675838520134
            ],
            [
              -49.14610838954424,
              -16.744662304151284
            ],
            [
              -49.14602966889873,
              -16.744601198811317
            ],
            [
              -49.14588027567923,
              -16.744458568988307
            ],
            [
              -49.14576020581928,
              -16.744431295194488
            ],
            [
              -49.1456542642889,
              -16.744431196974794
            ],
            [
              -49.14552716791822,
              -16.74447867089158
            ],
            [
              -49.14540044725504,
              -16.744641822580135
            ],
            [
              -49.145358282488964,
              -16.744798402606836
            ],
            [
              -49.145295566263705,
              -16.7453300355538
            ],
            [
              -49.14521074787404,
              -16.745541663074956
            ],
            [
              -49.1450830674189,
              -16.745692064460624
            ],
            [
              -49.14494091316914,
              -16.74576060503339
            ],
            [
              -49.144649089832456,
              -16.745795256285593
            ],
            [
              -49.14424986046214,
              -16.745774911528933
            ],
            [
              -49.14360824997206,
              -16.745563150503806
            ],
            [
              -49.14315958052823,
              -16.745365025172543
            ],
            [
              -49.1426394489499,
              -16.744955813990803
            ],
            [
              -49.14229088107789,
              -16.744553479380308
            ],
            [
              -49.14183645322093,
              -16.744063067962664
            ],
            [
              -49.14165972696651,
              -16.743981754546315
            ],
            [
              -49.14141969158093,
              -16.74395515978084
            ],
            [
              -49.14117967329229,
              -16.74395570838002
            ],
            [
              -49.14093980580517,
              -16.744044596354737
            ],
            [
              -49.14073511977408,
              -16.744208021840066
            ],
            [
              -49.140344143492456,
              -16.744737122135074
            ],
            [
              -49.140192714966076,
              -16.7450885373863
            ],
            [
              -49.14019767442351,
              -16.745243317934932
            ],
            [
              -49.14033189179545,
              -16.745548902368675
            ],
            [
              -49.14041655074426,
              -16.74577305601931
            ],
            [
              -49.14040091975335,
              -16.7459900701174
            ],
            [
              -49.14029828474068,
              -16.7467586171049
            ],
            [
              -49.140291171149514,
              -16.74696311026012
            ],
            [
              -49.14035173571523,
              -16.747917365905042
            ],
            [
              -49.14030339233874,
              -16.74810793641033
            ],
            [
              -49.14016972494435,
              -16.748305181319285
            ],
            [
              -49.139849645793745,
              -16.748519232435275
            ],
            [
              -49.13909175745476,
              -16.748837867013656
            ],
            [
              -49.13897641931051,
              -16.748901890336516
            ],
            [
              -49.138961546552025,
              -16.749034091288312
            ],
            [
              -49.139030106392084,
              -16.749171978484735
            ],
            [
              -49.139295288906986,
              -16.749349675455306
            ],
            [
              -49.14031507518995,
              -16.749935702056437
            ],
            [
              -49.14058171991652,
              -16.750049788061897
            ],
            [
              -49.1416469487955,
              -16.750251245477198
            ],
            [
              -49.141909337275116,
              -16.75030579182775
            ],
            [
              -49.142199842492985,
              -16.7503061378801
            ],
            [
              -49.142898026083316,
              -16.750219820110928
            ],
            [
              -49.14318899499187,
              -16.750184051998286
            ],
            [
              -49.143532968001836,
              -16.750167969701643
            ],
            [
              -49.14436060674833,
              -16.75018809336681
            ],
            [
              -49.14465318378183,
              -16.750187954902035
            ],
            [
              -49.144914731363095,
              -16.75010629073292
            ],
            [
              -49.14509854960494,
              -16.749970003429535
            ],
            [
              -49.14517702305788,
              -16.749833642444532
            ],
            [
              -49.14525326084109,
              -16.749042350606647
            ],
            [
              -49.14535816807436,
              -16.74880972398288
            ],
            [
              -49.145571939165244,
              -16.74860489600618
            ],
            [
              -49.146229622125105,
              -16.748271835667268
            ],
            [
              -49.146493779744894,
              -16.748211050875497
            ],
            [
              -49.14678626633426,
              -16.748198074744895
            ],
            [
              -49.147064258687784,
              -16.748225939946927
            ],
            [
              -49.14793899427782,
              -16.74847026134411
            ],
            [
              -49.148423027552,
              -16.748557816348395
            ],
            [
              -49.148743761777325,
              -16.74860479332085
            ],
            [
              -49.148957765454334,
              -16.748570162988514
            ],
            [
              -49.14920770037539,
              -16.748453357848934
            ],
            [
              -49.150160550291304,
              -16.747738956220406
            ],
            [
              -49.15082919222189,
              -16.7471900747734
            ],
            [
              -49.150991836830165,
              -16.747155063104675
            ],
            [
              -49.151226707663874,
              -16.74721613130054
            ],
            [
              -49.15137693645672,
              -16.747318804335396
            ],
            [
              -49.15154261294487,
              -16.7475382762836
            ],
            [
              -49.151939083834336,
              -16.748147895384854
            ],
            [
              -49.15206101540369,
              -16.748291460936798
            ],
            [
              -49.15259126661695,
              -16.748504031562334
            ],
            [
              -49.152776860955434,
              -16.74853149087073
            ],
            [
              -49.15288342316581,
              -16.748517779929223
            ],
            [
              -49.15308150827257,
              -16.748401335077773
            ],
            [
              -49.153379273121125,
              -16.74825731314952
            ],
            [
              -49.153600063474,
              -16.748257260926167
            ],
            [
              -49.15374295973772,
              -16.748325798087954
            ],
            [
              -49.15395029612055,
              -16.748476459317068
            ],
            [
              -49.15407220382761,
              -16.748661117676093
            ],
            [
              -49.1541159738457,
              -16.74888642475908
            ],
            [
              -49.15413942671619,
              -16.749356058736854
            ],
            [
              -49.15414872148639,
              -16.74979346712045
            ],
            [
              -49.15397197056817,
              -16.750926564252648
            ],
            [
              -49.15385132017516,
              -16.75143415367436
            ],
            [
              -49.153773242132104,
              -16.75161708180198
            ],
            [
              -49.15368822586649,
              -16.751725803385035
            ],
            [
              -49.153305258053734,
              -16.75203123287257
            ],
            [
              -49.15304124674369,
              -16.752329284673987
            ],
            [
              -49.15283355088753,
              -16.752757473789064
            ],
            [
              -49.152726661688604,
              -16.753036635056983
            ],
            [
              -49.15269821478413,
              -16.75329540114223
            ],
            [
              -49.152684693257825,
              -16.753743710711717
            ],
            [
              -49.152684533464225,
              -16.753900609099727
            ],
            [
              -49.152634169188005,
              -16.754051854030124
            ],
            [
              -49.15244873173266,
              -16.754516393249588
            ],
            [
              -49.15240603691102,
              -16.754720385627582
            ],
            [
              -49.15244153861977,
              -16.75547960594862
            ],
            [
              -49.15253416896432,
              -16.755675908655537
            ],
            [
              -49.15264851681225,
              -16.75577742225977
            ],
            [
              -49.153263696803464,
              -16.75606974586238
            ],
            [
              -49.15342835987029,
              -16.756172073844198
            ],
            [
              -49.15350020206471,
              -16.756274468694436
            ],
            [
              -49.15360099925815,
              -16.756602264808855
            ],
            [
              -49.153760647523676,
              -16.75739264012791
            ],
            [
              -49.15380262525287,
              -16.757603907607194
            ],
            [
              -49.15381986693178,
              -16.757844828740495
            ],
            [
              -49.15382331604575,
              -16.758395927387728
            ],
            [
              -49.1538698755592,
              -16.758567805362432
            ],
            [
              -49.153942972937095,
              -16.758670661362636
            ],
            [
              -49.15409964660146,
              -16.758725185742293
            ],
            [
              -49.15537633847239,
              -16.75904710672379
            ],
            [
              -49.15560381983922,
              -16.759121813453437
            ],
            [
              -49.15598337807745,
              -16.759347761160463
            ],
            [
              -49.156126340007404,
              -16.759491195124124
            ],
            [
              -49.1566140270157,
              -16.760180286310646
            ],
            [
              -49.156685681325534,
              -16.76034359369769
            ],
            [
              -49.156685726919584,
              -16.76050690686239
            ],
            [
              -49.156621137649985,
              -16.760768947700246
            ],
            [
              -49.15651456662864,
              -16.761006865104893
            ],
            [
              -49.15638649047993,
              -16.761154662792173
            ],
            [
              -49.15624406849107,
              -16.761242094703555
            ],
            [
              -49.15585862417243,
              -16.761408788940376
            ],
            [
              -49.1557229972281,
              -16.761517478388793
            ],
            [
              -49.15564452701919,
              -16.761735773194168
            ],
            [
              -49.15564410924158,
              -16.762014771436043
            ],
            [
              -49.15571528911275,
              -16.762185132762774
            ],
            [
              -49.155929287118816,
              -16.76251268860739
            ],
            [
              -49.15608641376678,
              -16.76275873476868
            ],
            [
              -49.15660774216293,
              -16.763442395123853
            ],
            [
              -49.156768910264404,
              -16.76360769941124
            ],
            [
              -49.15686249093664,
              -16.763827165412895
            ],
            [
              -49.15686301769159,
              -16.763964271703603
            ],
            [
              -49.15678502286865,
              -16.764073936989345
            ],
            [
              -49.15592950201373,
              -16.764692475632582
            ],
            [
              -49.155866513816335,
              -16.764788404758736
            ],
            [
              -49.155861824309305,
              -16.764939405681325
            ],
            [
              -49.155927932712316,
              -16.765226067840167
            ],
            [
              -49.15616835593982,
              -16.76586496005146
            ],
            [
              -49.15632216715517,
              -16.766007247078893
            ],
            [
              -49.15650559103983,
              -16.766074988559275
            ],
            [
              -49.15667447436271,
              -16.76608135408123
            ],
            [
              -49.156808016349544,
              -16.766005879428043
            ],
            [
              -49.15689207034982,
              -16.765855292724765
            ],
            [
              -49.15698472232621,
              -16.765575389759647
            ],
            [
              -49.15720706180933,
              -16.765112192445354
            ],
            [
              -49.157328141485465,
              -16.76496890134981
            ],
            [
              -49.157541856131466,
              -16.76487334057689
            ],
            [
              -49.15773444510588,
              -16.764853090557224
            ],
            [
              -49.1580627359737,
              -16.764915230178243
            ],
            [
              -49.15847707023666,
              -16.76509494436739
            ],
            [
              -49.158833835995125,
              -16.765397933619475
            ],
            [
              -49.158890789263786,
              -16.765507162511124
            ],
            [
              -49.15892538308899,
              -16.765849774426503
            ],
            [
              -49.15888333791502,
              -16.766023411920226
            ],
            [
              -49.15875626099403,
              -16.766173001673938
            ],
            [
              -49.158344329452554,
              -16.766511980762267
            ],
            [
              -49.158187655453794,
              -16.766578062969852
            ],
            [
              -49.15807333344427,
              -16.7665831792915
            ],
            [
              -49.15779336826042,
              -16.766544213708926
            ],
            [
              -49.15764231743731,
              -16.76656232390791
            ],
            [
              -49.15723107913283,
              -16.76686421280636
            ],
            [
              -49.15715934184653,
              -16.767027221980076
            ],
            [
              -49.157159383830994,
              -16.76717034810521
            ],
            [
              -49.157268575353825,
              -16.767458118148948
            ],
            [
              -49.1574201941938,
              -16.76784036665932
            ],
            [
              -49.157420821290415,
              -16.767996956893896
            ],
            [
              -49.157342892483925,
              -16.768207665998826
            ],
            [
              -49.15724248758046,
              -16.768350200227932
            ],
            [
              -49.15716353790301,
              -16.768520127725264
            ],
            [
              -49.157059793992254,
              -16.76883286970117
            ],
            [
              -49.15689769726279,
              -16.768995806941458
            ],
            [
              -49.156763167638694,
              -16.769050132392085
            ],
            [
              -49.15656867119322,
              -16.76908460360002
            ],
            [
              -49.155778081247504,
              -16.769108189833958
            ],
            [
              -49.15550074735669,
              -16.76916934052388
            ],
            [
              -49.15517178540805,
              -16.76932744831059
            ],
            [
              -49.15502067273509,
              -16.769451580307408
            ],
            [
              -49.15477579453549,
              -16.76981479790834
            ],
            [
              -49.1546612335964,
              -16.770059978133975
            ],
            [
              -49.15455733691165,
              -16.770853767613914
            ],
            [
              -49.15460037367706,
              -16.770996543085836
            ],
            [
              -49.154721763682495,
              -16.771085025599646
            ],
            [
              -49.15516191262615,
              -16.771254093937163
            ],
            [
              -49.155666213911545,
              -16.771396041780854
            ],
            [
              -49.155894255763116,
              -16.771464884791687
            ],
            [
              -49.15607209232022,
              -16.771546656694326
            ],
            [
              -49.1566193817122,
              -16.77196101506867
            ],
            [
              -49.15671881426968,
              -16.772069460811053
            ],
            [
              -49.15681761666231,
              -16.77234613980811
            ],
            [
              -49.156838345479535,
              -16.772528339299043
            ],
            [
              -49.1568028145661,
              -16.77299245468073
            ],
            [
              -49.156810240163466,
              -16.773211281134866
            ],
            [
              -49.1568536370508,
              -16.773532719460576
            ],
            [
              -49.15682554606097,
              -16.773655859543847
            ],
            [
              -49.15673333097883,
              -16.77376516039271
            ],
            [
              -49.156569550694485,
              -16.773833223771764
            ],
            [
              -49.15631254457264,
              -16.773860131255834
            ],
            [
              -49.156155596816454,
              -16.77393045023244
            ],
            [
              -49.15597743052121,
              -16.774101936653857
            ],
            [
              -49.15528686637215,
              -16.774696153419242
            ],
            [
              -49.155151310710025,
              -16.774771286718195
            ],
            [
              -49.15481622911604,
              -16.77490212951428
            ],
            [
              -49.15455280535661,
              -16.77508757737016
            ],
            [
              -49.15394905694398,
              -16.77549953634952
            ],
            [
              -49.15340053744067,
              -16.77589467671491
            ],
            [
              -49.153336503503844,
              -16.77601741071654
            ],
            [
              -49.15331420797394,
              -16.776398842666886
            ],
            [
              -49.15337041613492,
              -16.77656231458837
            ],
            [
              -49.15350468000743,
              -16.776718994655358
            ],
            [
              -49.15360409902545,
              -16.776773519714222
            ],
            [
              -49.1537179450589,
              -16.776773440541202
            ],
            [
              -49.15385325497347,
              -16.77673920586206
            ],
            [
              -49.15447444704423,
              -16.776377389076284
            ],
            [
              -49.15474452407778,
              -16.776273827626866
            ],
            [
              -49.15497262158654,
              -16.77623880413351
            ],
            [
              -49.15517982215148,
              -16.776245305258747
            ],
            [
              -49.15540148619671,
              -16.77630660870924
            ],
            [
              -49.155544583768716,
              -16.77638860163284
            ],
            [
              -49.15626522908095,
              -16.77699135323333
            ],
            [
              -49.15644759852288,
              -16.77718912159511
            ],
            [
              -49.15649554148221,
              -16.777365724786787
            ],
            [
              -49.156459438244426,
              -16.777487900256453
            ],
            [
              -49.15635251642625,
              -16.77758962085379
            ],
            [
              -49.155699841533824,
              -16.778180452387353
            ],
            [
              -49.155153534175355,
              -16.77882806835637
            ],
            [
              -49.15502142615521,
              -16.779046038649703
            ],
            [
              -49.15498153998344,
              -16.779259129804025
            ],
            [
              -49.15500627990841,
              -16.779451996749906
            ],
            [
              -49.15510105175313,
              -16.77966427380017
            ],
            [
              -49.15517977118966,
              -16.77975976553552
            ],
            [
              -49.15570304643675,
              -16.78009606753209
            ],
            [
              -49.15592499285983,
              -16.780314443820625
            ],
            [
              -49.15616765108363,
              -16.78063374837268
            ],
            [
              -49.15622448839294,
              -16.780769108670953
            ],
            [
              -49.15620988186254,
              -16.780883770706925
            ],
            [
              -49.15591717242278,
              -16.781324276967553
            ],
            [
              -49.15584187946877,
              -16.78148674432997
            ],
            [
              -49.155829859609355,
              -16.781714343707364
            ],
            [
              -49.155868651582615,
              -16.7820675685378
            ],
            [
              -49.155927614253244,
              -16.782278181944616
            ],
            [
              -49.15627174957832,
              -16.7829938296436
            ],
            [
              -49.15632757812688,
              -16.78314193407154
            ],
            [
              -49.156514827956364,
              -16.78402526756944
            ],
            [
              -49.15657970359165,
              -16.784241552282385
            ],
            [
              -49.157207336177926,
              -16.785611280716253
            ],
            [
              -49.157745604729286,
              -16.78650008732608
            ],
            [
              -49.1583595937999,
              -16.787482917556186
            ],
            [
              -49.15847399444171,
              -16.78765378273807
            ],
            [
              -49.159132255705224,
              -16.788895691119652
            ],
            [
              -49.15923919742358,
              -16.789024929023746
            ],
            [
              -49.15957291913474,
              -16.789286300527078
            ],
            [
              -49.159692822486264,
              -16.789407016781965
            ],
            [
              -49.15975007656026,
              -16.789584684108416
            ],
            [
              -49.159764418959234,
              -16.789721176468884
            ],
            [
              -49.15972155137367,
              -16.789857377828906
            ],
            [
              -49.159400662809134,
              -16.790198213300464
            ],
            [
              -49.159098284122486,
              -16.790503522216216
            ],
            [
              -49.15890341006895,
              -16.790757913075982
            ],
            [
              -49.15931082177282,
              -16.790916894412153
            ],
            [
              -49.15947626942827,
              -16.790959988408208
            ],
            [
              -49.15955923259078,
              -16.790960060705117
            ],
            [
              -49.159623318320214,
              -16.790941598869328
            ],
            [
              -49.15968123112744,
              -16.790901597344167
            ],
            [
              -49.15977896886859,
              -16.790808725444183
            ],
            [
              -49.16034421969351,
              -16.790223403695396
            ],
            [
              -49.16045458697076,
              -16.790128710618088
            ],
            [
              -49.1605581063829,
              -16.7900753340382
            ],
            [
              -49.160683909427846,
              -16.790016989838392
            ],
            [
              -49.16091617095782,
              -16.789994940396763
            ],
            [
              -49.16154239732026,
              -16.789980239198655
            ],
            [
              -49.16249170331346,
              -16.790005547816772
            ],
            [
              -49.16330818995957,
              -16.789915110594713
            ],
            [
              -49.16551143763779,
              -16.789606856525804
            ],
            [
              -49.16554083881505,
              -16.78955687561954
            ],
            [
              -49.167028493820936,
              -16.789142331085827
            ],
            [
              -49.168539669273926,
              -16.78864546625288
            ],
            [
              -49.169277616820644,
              -16.788322062331755
            ],
            [
              -49.17098871431169,
              -16.787428293446826
            ],
            [
              -49.17347597962561,
              -16.7859788584157
            ],
            [
              -49.17629325515277,
              -16.784151319811667
            ],
            [
              -49.1766345798334,
              -16.783969383266516
            ],
            [
              -49.17888133782093,
              -16.78304523411411
            ],
            [
              -49.18098200305352,
              -16.78213498443516
            ],
            [
              -49.181431105901694,
              -16.781909679941457
            ],
            [
              -49.18180590863694,
              -16.781670359656708
            ],
            [
              -49.1826528705405,
              -16.78095592411705
            ],
            [
              -49.182896938969556,
              -16.78070761634855
            ],
            [
              -49.18300683516119,
              -16.780560548554515
            ],
            [
              -49.18307842828906,
              -16.780409360319492
            ],
            [
              -49.183149826622206,
              -16.7801208784059
            ],
            [
              -49.18350148220518,
              -16.778237760241034
            ],
            [
              -49.18370639525581,
              -16.776856147698453
            ],
            [
              -49.18384709299955,
              -16.775591169901258
            ],
            [
              -49.18387401261305,
              -16.77532102128153
            ],
            [
              -49.183878665650354,
              -16.775174120797946
            ],
            [
              -49.18391308639764,
              -16.77471266435441
            ],
            [
              -49.18395424700553,
              -16.77371599365433
            ],
            [
              -49.18413584764222,
              -16.7715541427256
            ],
            [
              -49.184172235158606,
              -16.771164670973864
            ],
            [
              -49.18427261020313,
              -16.77063179972771
            ],
            [
              -49.184388918534744,
              -16.770163898934968
            ],
            [
              -49.18461332290156,
              -16.76929445505432
            ],
            [
              -49.18472408809306,
              -16.768934254172393
            ],
            [
              -49.18515434653343,
              -16.767778384853205
            ],
            [
              -49.18533641764766,
              -16.767332209918393
            ],
            [
              -49.18554537595856,
              -16.766906718002282
            ],
            [
              -49.18568371956429,
              -16.76667609243234
            ],
            [
              -49.185950380670924,
              -16.76620847357781
            ],
            [
              -49.18620214976007,
              -16.76583277877772
            ],
            [
              -49.18645284132128,
              -16.7654731851971
            ],
            [
              -49.18703833819112,
              -16.764790797421483
            ],
            [
              -49.18741137589211,
              -16.76433905990096
            ],
            [
              -49.18781308452021,
              -16.763932871786583
            ],
            [
              -49.18822316291319,
              -16.76354424088178
            ],
            [
              -49.18863942501103,
              -16.763167111908157
            ],
            [
              -49.189034619118786,
              -16.762826857869847
            ],
            [
              -49.19117643131089,
              -16.761096650519054
            ],
            [
              -49.191638015733304,
              -16.760708566491633
            ],
            [
              -49.19288458855057,
              -16.759584004614823
            ],
            [
              -49.19611274162763,
              -16.756616044230523
            ],
            [
              -49.19664929720003,
              -16.75611770933727
            ],
            [
              -49.197027091430606,
              -16.75581488657059
            ],
            [
              -49.19732109439733,
              -16.75555616358631
            ],
            [
              -49.198836679722675,
              -16.754025877548326
            ],
            [
              -49.20036402578119,
              -16.752551452781933
            ],
            [
              -49.20229466676493,
              -16.75065680671222
            ],
            [
              -49.20546056772768,
              -16.74755928202906
            ],
            [
              -49.20560609879081,
              -16.747426980636778
            ],
            [
              -49.205652404389475,
              -16.74739684606374
            ],
            [
              -49.205714957914665,
              -16.747367615436485
            ],
            [
              -49.20575751033968,
              -16.74733437051541
            ],
            [
              -49.20578730613251,
              -16.747293339418903
            ],
            [
              -49.20584865139437,
              -16.74723220368916
            ],
            [
              -49.20783537736118,
              -16.7457739494322
            ],
            [
              -49.208208743072326,
              -16.745502974912892
            ],
            [
              -49.20826908101359,
              -16.745467371823818
            ],
            [
              -49.20832057334876,
              -16.745447009834432
            ],
            [
              -49.20846173087375,
              -16.74540151099901
            ],
            [
              -49.208518198724626,
              -16.74537619431315
            ],
            [
              -49.20856580756762,
              -16.745342386308813
            ],
            [
              -49.20861335182715,
              -16.74528479752198
            ],
            [
              -49.20886874876288,
              -16.745254404557738
            ],
            [
              -49.20894329284619,
              -16.74524425899324
            ],
            [
              -49.20901788354225,
              -16.74522391208768
            ],
            [
              -49.20910733809837,
              -16.745189691883677
            ],
            [
              -49.21013095959487,
              -16.744786243048274
            ],
            [
              -49.21201353403997,
              -16.74406705839052
            ],
            [
              -49.212131782509914,
              -16.74402519507333
            ],
            [
              -49.213401351785855,
              -16.743617283260317
            ],
            [
              -49.2159022882945,
              -16.742806179991014
            ],
            [
              -49.21604500679306,
              -16.742761081283945
            ],
            [
              -49.216111574491094,
              -16.7427320102321
            ],
            [
              -49.21616621380551,
              -16.74269994900868
            ],
            [
              -49.217227302907716,
              -16.74166599222642
            ],
            [
              -49.218659097779735,
              -16.740265803014537
            ],
            [
              -49.21876052847882,
              -16.74017686677234
            ],
            [
              -49.21883046583343,
              -16.74014441719051
            ],
            [
              -49.21888030929769,
              -16.74010990110409
            ],
            [
              -49.219846869636584,
              -16.73911919135911
            ],
            [
              -49.21972779820015,
              -16.738991299985912
            ],
            [
              -49.21967400567743,
              -16.738904636875745
            ],
            [
              -49.21961983470389,
              -16.738778669718265
            ],
            [
              -49.219602395474034,
              -16.738657945894076
            ],
            [
              -49.219609827332555,
              -16.738515544812834
            ],
            [
              -49.21963482031398,
              -16.738378696996882
            ],
            [
              -49.21968065822226,
              -16.738273782783747
            ],
            [
              -49.21974333359282,
              -16.73816610505577
            ],
            [
              -49.2198059789819,
              -16.738094657349002
            ],
            [
              -49.21991665933122,
              -16.738005614909632
            ],
            [
              -49.220089422243305,
              -16.73791083941601
            ],
            [
              -49.22028438952878,
              -16.737864388809978
            ],
            [
              -49.22039361049824,
              -16.737858539883394
            ],
            [
              -49.22054860993403,
              -16.737878435492192
            ],
            [
              -49.220640346028496,
              -16.737908209691458
            ],
            [
              -49.22082626728963,
              -16.73804387586606
            ],
            [
              -49.22092292057727,
              -16.738118478058297
            ],
            [
              -49.22095636389307,
              -16.7380754805893
            ],
            [
              -49.22098833595731,
              -16.738034687896622
            ],
            [
              -49.221054486974204,
              -16.73796559678148
            ],
            [
              -49.22116400355349,
              -16.737902753757904
            ],
            [
              -49.2213786254635,
              -16.737818963437803
            ],
            [
              -49.22308641543088,
              -16.737228752416474
            ],
            [
              -49.22391403315856,
              -16.737028830391072
            ],
            [
              -49.22501213548897,
              -16.736817148140684
            ],
            [
              -49.22668052029765,
              -16.736525260999628
            ],
            [
              -49.23473628445059,
              -16.73518396126154
            ],
            [
              -49.23942122235221,
              -16.73441367374044
            ],
            [
              -49.24133917424844,
              -16.734078256164864
            ],
            [
              -49.242659664857044,
              -16.73386388815204
            ],
            [
              -49.24314771003905,
              -16.733766866992486
            ],
            [
              -49.243788821941855,
              -16.73360798541
            ],
            [
              -49.24744371582853,
              -16.732889877503236
            ],
            [
              -49.24753287303641,
              -16.73287361093476
            ],
            [
              -49.2475770194631,
              -16.73285643457136
            ],
            [
              -49.24765579254378,
              -16.732811655432016
            ],
            [
              -49.247715102844246,
              -16.73277919373066
            ],
            [
              -49.2478002797562,
              -16.732752699482816
            ],
            [
              -49.24944904341945,
              -16.73245668004915
            ],
            [
              -49.25080648885643,
              -16.732213796377625
            ],
            [
              -49.25090791931873,
              -16.732182925781967
            ],
            [
              -49.250951285038894,
              -16.732153525938763
            ],
            [
              -49.25100273586204,
              -16.73211163057467
            ],
            [
              -49.25107375721101,
              -16.73210539806249
            ],
            [
              -49.25112867456733,
              -16.732115149787596
            ],
            [
              -49.25121145194762,
              -16.73216401412386
            ],
            [
              -49.25172850154018,
              -16.732304924259076
            ],
            [
              -49.2517424504221,
              -16.732238250924052
            ],
            [
              -49.25176066727678,
              -16.73219912007211
            ],
            [
              -49.25179286900101,
              -16.732143970692537
            ],
            [
              -49.25186783988431,
              -16.732113100573592
            ],
            [
              -49.25360584910002,
              -16.731787480387183
            ],
            [
              -49.25485023952191,
              -16.731538137894482
            ],
            [
              -49.2551592349361,
              -16.731459959659606
            ],
            [
              -49.255405090993456,
              -16.73137411062702
            ],
            [
              -49.255942963226296,
              -16.731141013326585
            ],
            [
              -49.25656322693661,
              -16.73084936206888
            ],
            [
              -49.25862445073956,
              -16.729745767013178
            ],
            [
              -49.25872207785465,
              -16.72970315919408
            ],
            [
              -49.25878255677527,
              -16.729688051763983
            ],
            [
              -49.25888602754072,
              -16.72968236297133
            ],
            [
              -49.25900439432069,
              -16.72967372918697
            ],
            [
              -49.25906629945604,
              -16.729656877945736
            ],
            [
              -49.2591369039579,
              -16.729617751490146
            ],
            [
              -49.259422785115014,
              -16.72928302033709
            ],
            [
              -49.25954649983221,
              -16.72916465941462
            ],
            [
              -49.2597723041923,
              -16.72886735744167
            ],
            [
              -49.25989218713406,
              -16.728694905297168
            ],
            [
              -49.25998111697985,
              -16.728536206637244
            ],
            [
              -49.261094491653175,
              -16.72653261600822
            ],
            [
              -49.26157340480703,
              -16.725675349584083
            ],
            [
              -49.26210423882272,
              -16.726797272442326
            ],
            [
              -49.262466158746115,
              -16.727628444580233
            ],
            [
              -49.26254714239201,
              -16.727831664581785
            ],
            [
              -49.26257949891151,
              -16.72792978544264
            ],
            [
              -49.262663947307914,
              -16.728286349813633
            ],
            [
              -49.26269109854036,
              -16.728511144684454
            ],
            [
              -49.262693125811126,
              -16.728593759825234
            ],
            [
              -49.262692842926015,
              -16.72900141735493
            ],
            [
              -49.26270262249132,
              -16.729066047707853
            ],
            [
              -49.26273109064374,
              -16.729132977789533
            ],
            [
              -49.26277232186022,
              -16.729179930260674
            ],
            [
              -49.26283260492417,
              -16.729217037103083
            ],
            [
              -49.26292655835211,
              -16.729239060033752
            ],
            [
              -49.26304614937692,
              -16.729256125288696
            ],
            [
              -49.26312930604639,
              -16.729294328075554
            ],
            [
              -49.26320460114912,
              -16.729353578024643
            ],
            [
              -49.263259571312005,
              -16.729409798830652
            ],
            [
              -49.26338532386805,
              -16.729658143785237
            ],
            [
              -49.2635394809027,
              -16.729971309981092
            ],
            [
              -49.264340971251585,
              -16.731728980105693
            ],
            [
              -49.26478546287923,
              -16.732656479262435
            ],
            [
              -49.266057159164774,
              -16.735527945788146
            ],
            [
              -49.266299712359476,
              -16.73612477162033
            ],
            [
              -49.26642613322716,
              -16.736477575177016
            ],
            [
              -49.266492284488656,
              -16.736565775654974
            ],
            [
              -49.26669220602118,
              -16.736699547199393
            ],
            [
              -49.27059803530808,
              -16.738836949605904
            ],
            [
              -49.27245319404291,
              -16.739838029885473
            ],
            [
              -49.2730470803689,
              -16.738724057452682
            ],
            [
              -49.27308432915975,
              -16.738646893412394
            ],
            [
              -49.273125835579705,
              -16.73860022555374
            ],
            [
              -49.27317121448863,
              -16.738579339110395
            ],
            [
              -49.273240087321184,
              -16.738566500875802
            ],
            [
              -49.27335232340939,
              -16.73854716679768
            ],
            [
              -49.27343796551067,
              -16.73851661750076
            ],
            [
              -49.27351470917929,
              -16.738477783321887
            ],
            [
              -49.27359100332168,
              -16.73842076334518
            ],
            [
              -49.27362332644156,
              -16.738397415434807
            ],
            [
              -49.275452025099334,
              -16.739241204049275
            ],
            [
              -49.276278174358865,
              -16.73963810758012
            ],
            [
              -49.276310997210466,
              -16.73968211489551
            ],
            [
              -49.27635585974301,
              -16.739714878529487
            ],
            [
              -49.27640580147162,
              -16.73972679977463
            ],
            [
              -49.2764556493462,
              -16.739728199209257
            ],
            [
              -49.276497402439816,
              -16.739730269304346
            ],
            [
              -49.2788580498697,
              -16.740830290152157
            ],
            [
              -49.278889655268195,
              -16.740894971177447
            ],
            [
              -49.27894037046594,
              -16.74095009658142
            ],
            [
              -49.27903445163194,
              -16.7409949315535
            ],
            [
              -49.278040874737236,
              -16.742865937672708
            ],
            [
              -49.28199579661138,
              -16.745008073037685
            ],
            [
              -49.283159492604405,
              -16.74561690089485
            ],
            [
              -49.28772324300375,
              -16.748050772526764
            ],
            [
              -49.288095378896436,
              -16.74826484778586
            ],
            [
              -49.28831098184751,
              -16.74835088661261
            ],
            [
              -49.28854177355861,
              -16.748383227817893
            ],
            [
              -49.28872405585527,
              -16.7483832272757
            ],
            [
              -49.28888829666038,
              -16.748374787852416
            ],
            [
              -49.296462214436765,
              -16.746447217177597
            ],
            [
              -49.29694878974234,
              -16.746316386390724
            ],
            [
              -49.297064920623534,
              -16.746304626188333
            ],
            [
              -49.297272192878886,
              -16.746325206730813
            ],
            [
              -49.30276122929126,
              -16.746882342022143
            ],
            [
              -49.303405095429646,
              -16.7469337923049
            ],
            [
              -49.30354033750782,
              -16.74697054324167
            ],
            [
              -49.30370791850901,
              -16.747020523669782
            ],
            [
              -49.30388337528565,
              -16.747070887702947
            ],
            [
              -49.30477661954102,
              -16.747496808420173
            ],
            [
              -49.306321605485806,
              -16.748164196139072
            ],
            [
              -49.30748732744593,
              -16.74865077072044
            ],
            [
              -49.31170233388712,
              -16.75048853656214
            ],
            [
              -49.31208161188164,
              -16.75064457017385
            ],
            [
              -49.31224723583472,
              -16.750707321016005
            ],
            [
              -49.31240849668112,
              -16.750729116159576
            ],
            [
              -49.31259441498868,
              -16.75075589589791
            ],
            [
              -49.31311996837714,
              -16.750738740079324
            ],
            [
              -49.32849090197626,
              -16.74964744165971
            ],
            [
              -49.33150149256578,
              -16.749450459239426
            ],
            [
              -49.33167348487182,
              -16.749446049708602
            ],
            [
              -49.33178957573898,
              -16.749462528702427
            ],
            [
              -49.331852080004225,
              -16.749471353202324
            ],
            [
              -49.332604747386114,
              -16.74969446290333
            ],
            [
              -49.33269220494706,
              -16.749742992157493
            ],
            [
              -49.33276570551519,
              -16.749790033211482
            ],
            [
              -49.332889187415894,
              -16.74988558428846
            ],
            [
              -49.3335551033691,
              -16.75049416968723
            ],
            [
              -49.33456957920704,
              -16.75133125866728
            ],
            [
              -49.3352358695573,
              -16.751930774231752
            ],
            [
              -49.3353571292114,
              -16.752045439206853
            ],
            [
              -49.335449794621276,
              -16.75215150731078
            ],
            [
              -49.33555721645514,
              -16.75228852179958
            ],
            [
              -49.335711510534125,
              -16.752530100642215
            ],
            [
              -49.33620554093426,
              -16.75302553561121
            ],
            [
              -49.337159580294205,
              -16.753894315288548
            ],
            [
              -49.33726140841713,
              -16.75379658252251
            ],
            [
              -49.33731517382958,
              -16.75375574866873
            ],
            [
              -49.33739682376236,
              -16.753730984312746
            ],
            [
              -49.337507067652055,
              -16.753725272691298
            ],
            [
              -49.33759528621168,
              -16.75374982407406
            ],
            [
              -49.337693195763194,
              -16.753836983899276
            ],
            [
              -49.33775640654445,
              -16.75390313503109
            ],
            [
              -49.33800383227575,
              -16.75368959865668
            ],
            [
              -49.338080652903216,
              -16.753646882806564
            ],
            [
              -49.338136454643966,
              -16.75364599232803
            ],
            [
              -49.338192736380506,
              -16.753676787027704
            ],
            [
              -49.33908676991786,
              -16.754519070640292
            ],
            [
              -49.34017678687111,
              -16.755531176912182
            ],
            [
              -49.34359751135733,
              -16.758656428281604
            ],
            [
              -49.34726813903688,
              -16.76202129274647
            ],
            [
              -49.34962163230192,
              -16.76421602572243
            ],
            [
              -49.34934526960258,
              -16.764463722953533
            ],
            [
              -49.34926441835911,
              -16.764511499052166
            ],
            [
              -49.349115373007855,
              -16.764672250428443
            ],
            [
              -49.349288495327045,
              -16.76486937436412
            ],
            [
              -49.34966726634631,
              -16.765318543850668
            ],
            [
              -49.349815743235645,
              -16.76553014644848
            ],
            [
              -49.35004624578813,
              -16.765906120055043
            ],
            [
              -49.350142364960625,
              -16.766082400331054
            ],
            [
              -49.35026728487558,
              -16.766317121332968
            ],
            [
              -49.35037438199042,
              -16.766574620087873
            ],
            [
              -49.35043607488813,
              -16.766751864542655
            ],
            [
              -49.35049097095845,
              -16.766922720827118
            ],
            [
              -49.35052073141454,
              -16.767040101499763
            ],
            [
              -49.35060300621347,
              -16.767435423995952
            ],
            [
              -49.35062115574774,
              -16.76752763333439
            ],
            [
              -49.3506165031473,
              -16.767593355515224
            ],
            [
              -49.3506027639448,
              -16.767643660808925
            ],
            [
              -49.350484421257526,
              -16.767828882281243
            ],
            [
              -49.35046856834638,
              -16.767876617800646
            ],
            [
              -49.35045727370244,
              -16.76791993746484
            ],
            [
              -49.35045993623956,
              -16.767988837622717
            ],
            [
              -49.350573083461434,
              -16.76856058406744
            ],
            [
              -49.350613868462915,
              -16.768692100381656
            ],
            [
              -49.35065462106386,
              -16.768796596064465
            ],
            [
              -49.35075614811906,
              -16.769025914652552
            ],
            [
              -49.35077924639236,
              -16.76909031094768
            ],
            [
              -49.35079953228089,
              -16.76918563331615
            ],
            [
              -49.351035451646275,
              -16.770476265667455
            ],
            [
              -49.351521009572,
              -16.77284186529135
            ],
            [
              -49.35153853692422,
              -16.772931360427954
            ],
            [
              -49.351536408689896,
              -16.772998044424774
            ],
            [
              -49.35148193630817,
              -16.773108880880827
            ],
            [
              -49.35143195582526,
              -16.77323236294281
            ],
            [
              -49.35143195618867,
              -16.773311744135537
            ],
            [
              -49.351458416293,
              -16.77338818417283
            ],
            [
              -49.351499503432876,
              -16.77343019157511
            ],
            [
              -49.35158192558004,
              -16.773522128930413
            ],
            [
              -49.3516359286124,
              -16.773580434156464
            ],
            [
              -49.35167234142458,
              -16.7736427084907
            ],
            [
              -49.35169516306229,
              -16.7737096824653
            ],
            [
              -49.352558746333905,
              -16.778039644043883
            ],
            [
              -49.35257997343139,
              -16.778164914835617
            ],
            [
              -49.3525800044131,
              -16.778203224886234
            ],
            [
              -49.352574691144994,
              -16.778247109349593
            ],
            [
              -49.352515886204046,
              -16.77845061245513
            ],
            [
              -49.352508675651556,
              -16.7785162165909
            ],
            [
              -49.35251484880989,
              -16.778577724848873
            ],
            [
              -49.35254346219484,
              -16.778652265362705
            ],
            [
              -49.352662411635954,
              -16.77880755660125
            ],
            [
              -49.35268852075089,
              -16.778839619465813
            ],
            [
              -49.35270070299808,
              -16.778871425455467
            ],
            [
              -49.35308735475144,
              -16.78090210593224
            ],
            [
              -49.35320746203766,
              -16.78149814246234
            ],
            [
              -49.35325316676317,
              -16.78167695747035
            ],
            [
              -49.35334740933953,
              -16.782043410875396
            ],
            [
              -49.35354447549778,
              -16.78273542597451
            ],
            [
              -49.35357537792419,
              -16.782870153159273
            ],
            [
              -49.35398676480207,
              -16.78496285346278
            ],
            [
              -49.35399586837593,
              -16.785014743963277
            ],
            [
              -49.353997606784624,
              -16.78506492730876
            ],
            [
              -49.353992007142814,
              -16.78511199761932
            ],
            [
              -49.35393031489241,
              -16.785264918047268
            ],
            [
              -49.35390410524905,
              -16.78535318595233
            ],
            [
              -49.3539059837486,
              -16.785408991186074
            ],
            [
              -49.35391722618707,
              -16.785462944675608
            ],
            [
              -49.353950343326794,
              -16.785525878313777
            ],
            [
              -49.35405850895393,
              -16.78565665511237
            ],
            [
              -49.354124140539795,
              -16.785741103654992
            ],
            [
              -49.35415007047492,
              -16.785793876886775
            ],
            [
              -49.354168650638854,
              -16.78585883506797
            ],
            [
              -49.35452581107224,
              -16.787741060640943
            ],
            [
              -49.354872465341224,
              -16.78940827607176
            ],
            [
              -49.35488598639588,
              -16.789467073289188
            ],
            [
              -49.35488405992039,
              -16.78952061968422
            ],
            [
              -49.35487248030565,
              -16.789576133919116
            ],
            [
              -49.3548031729302,
              -16.78974086140918
            ],
            [
              -49.35478014125528,
              -16.789810929740167
            ],
            [
              -49.354770557325615,
              -16.789875329345335
            ],
            [
              -49.35477439728294,
              -16.789924960172343
            ],
            [
              -49.354805117047114,
              -16.78999851788968
            ],
            [
              -49.35484656821376,
              -16.79004621545863
            ],
            [
              -49.354936015457454,
              -16.790122149226814
            ],
            [
              -49.354976151582676,
              -16.7901622075592
            ],
            [
              -49.355001051107664,
              -16.790200729895858
            ],
            [
              -49.35506829809515,
              -16.790365020577816
            ],
            [
              -49.355162945204654,
              -16.79065657498025
            ],
            [
              -49.35520612885652,
              -16.790837989299344
            ],
            [
              -49.35545170834042,
              -16.792124972756653
            ],
            [
              -49.35561188221016,
              -16.792884160150134
            ],
            [
              -49.35564175283438,
              -16.793042472591345
            ],
            [
              -49.35570290606954,
              -16.79326899116016
            ],
            [
              -49.35579799965693,
              -16.793573099902062
            ],
            [
              -49.35589289490072,
              -16.793827488509113
            ],
            [
              -49.35603088503858,
              -16.794142681672646
            ],
            [
              -49.35621742160895,
              -16.794475659808178
            ],
            [
              -49.35648986858846,
              -16.794941103910602
            ],
            [
              -49.35657426071182,
              -16.795057861258268
            ],
            [
              -49.35683466250491,
              -16.795380084253686
            ],
            [
              -49.357175313658246,
              -16.795738115416782
            ],
            [
              -49.357746973727316,
              -16.79630336312225
            ],
            [
              -49.357811580828965,
              -16.79636908511575
            ],
            [
              -49.35784728876977,
              -16.796418431660218
            ],
            [
              -49.35788194125736,
              -16.796476730484805
            ],
            [
              -49.357921120779245,
              -16.796557224113645
            ],
            [
              -49.357977999545724,
              -16.796743932566546
            ],
            [
              -49.35800501682623,
              -16.796795879159045
            ],
            [
              -49.35805072470316,
              -16.79683974975966
            ],
            [
              -49.358272993153676,
              -16.79694288238334
            ],
            [
              -49.35836173995281,
              -16.796989290382907
            ],
            [
              -49.35843268216133,
              -16.797040460484165
            ],
            [
              -49.358596325204935,
              -16.79719755716085
            ],
            [
              -49.359008782741036,
              -16.797683614612545
            ],
            [
              -49.35930468678241,
              -16.798031605030502
            ],
            [
              -49.35952008936927,
              -16.798353727570813
            ],
            [
              -49.359792470190385,
              -16.79881878544613
            ],
            [
              -49.35995295662702,
              -16.799131219976545
            ],
            [
              -49.3601115575191,
              -16.799546570115194
            ],
            [
              -49.360228028198605,
              -16.799918686654326
            ],
            [
              -49.36046365196969,
              -16.800801310633624
            ],
            [
              -49.36070471674701,
              -16.801706252172067
            ],
            [
              -49.360762460989484,
              -16.801897284703585
            ],
            [
              -49.3608372866398,
              -16.802141504623698
            ],
            [
              -49.361170163633425,
              -16.803073884185697
            ],
            [
              -49.361238004486836,
              -16.80327254445474
            ],
            [
              -49.36133095058527,
              -16.803576910882814
            ],
            [
              -49.36197216890952,
              -16.805991922831897
            ],
            [
              -49.36198735757995,
              -16.806054832057484
            ],
            [
              -49.36198736124571,
              -16.806090799653028
            ],
            [
              -49.361976855605846,
              -16.80613012469803
            ],
            [
              -49.361946535820614,
              -16.806228969794574
            ],
            [
              -49.36193372457579,
              -16.80628747387401
            ],
            [
              -49.36193475339243,
              -16.80635800838792
            ],
            [
              -49.361949464245235,
              -16.80641362848505
            ],
            [
              -49.3619877562496,
              -16.806470585844917
            ],
            [
              -49.362085205224176,
              -16.80656279989158
            ],
            [
              -49.362121847187815,
              -16.806600173476497
            ],
            [
              -49.36214108879659,
              -16.806639706502747
            ],
            [
              -49.3629856026256,
              -16.809799297614614
            ],
            [
              -49.36409723092487,
              -16.814090584771144
            ],
            [
              -49.364530323249014,
              -16.81573516837174
            ],
            [
              -49.36470603979156,
              -16.816352893886645
            ],
            [
              -49.36475753151771,
              -16.81651304211144
            ],
            [
              -49.36491119621483,
              -16.816896136859288
            ],
            [
              -49.3649611133406,
              -16.817009292918293
            ],
            [
              -49.36500387820672,
              -16.81709335288481
            ],
            [
              -49.36523516167498,
              -16.817491245089947
            ],
            [
              -49.36527330231007,
              -16.817568282022933
            ],
            [
              -49.365289811481574,
              -16.81761317353236
            ],
            [
              -49.36530224053469,
              -16.81765802988207
            ],
            [
              -49.36532009290366,
              -16.81796617350503
            ],
            [
              -49.365340039689364,
              -16.81803494181394
            ],
            [
              -49.3653733016306,
              -16.818086033738552
            ],
            [
              -49.36541020449705,
              -16.81811276927743
            ],
            [
              -49.36565593073845,
              -16.818210599131593
            ],
            [
              -49.365724771659494,
              -16.818245431450805
            ],
            [
              -49.365774518950985,
              -16.818282051203358
            ],
            [
              -49.36597632772214,
              -16.818508564633223
            ],
            [
              -49.366040245853334,
              -16.81857820928749
            ],
            [
              -49.36757599363051,
              -16.819922960211834
            ],
            [
              -49.36831054708322,
              -16.820561592554863
            ],
            [
              -49.36867938268211,
              -16.820878609579445
            ],
            [
              -49.369242288220676,
              -16.82137670146606
            ],
            [
              -49.36933662831055,
              -16.821454864206235
            ],
            [
              -49.36940012492037,
              -16.821503185390128
            ],
            [
              -49.36985317670531,
              -16.82183191424537
            ],
            [
              -49.36993706738118,
              -16.821890154816373
            ],
            [
              -49.370655413197035,
              -16.822481868626426
            ],
            [
              -49.377479206078384,
              -16.82832694070652
            ],
            [
              -49.37912140224993,
              -16.82973211479479
            ],
            [
              -49.37917802700648,
              -16.829787639169403
            ],
            [
              -49.37920706691307,
              -16.82982975777331
            ],
            [
              -49.379286521696514,
              -16.83010623710158
            ],
            [
              -49.379323624862515,
              -16.83016520040425
            ],
            [
              -49.37938907820838,
              -16.83021291260475
            ],
            [
              -49.37948684202794,
              -16.830243786821786
            ],
            [
              -49.37965030669748,
              -16.830276185941866
            ],
            [
              -49.379803231688015,
              -16.830335911834744
            ],
            [
              -49.37994998180466,
              -16.830417810999034
            ],
            [
              -49.38094664722597,
              -16.831137401007386
            ],
            [
              -49.38138850248561,
              -16.831325632684567
            ],
            [
              -49.38204153139738,
              -16.831502909971963
            ],
            [
              -49.38412871527684,
              -16.831876401055233
            ],
            [
              -49.38411712489502,
              -16.83174146265083
            ],
            [
              -49.384114077016655,
              -16.831705976009545
            ],
            [
              -49.38411333391946,
              -16.831556290122723
            ],
            [
              -49.38417487441971,
              -16.83139733367182
            ],
            [
              -49.38426715713619,
              -16.831314919367568
            ],
            [
              -49.38439261977184,
              -16.831189782988904
            ],
            [
              -49.384423502517066,
              -16.8310477224701
            ],
            [
              -49.38442144373643,
              -16.83082742437987
            ],
            [
              -49.384578595793016,
              -16.830703604316156
            ],
            [
              -49.38483318654195,
              -16.830584939411406
            ],
            [
              -49.384974676765694,
              -16.830496646500713
            ],
            [
              -49.3850976980901,
              -16.830502551330603
            ],
            [
              -49.385159195496556,
              -16.830590873225212
            ],
            [
              -49.38525760559579,
              -16.83063798698618
            ],
            [
              -49.38535603277498,
              -16.830579125757968
            ],
            [
              -49.38536835331871,
              -16.830461376019542
            ],
            [
              -49.38544217275222,
              -16.830414286797545
            ],
            [
              -49.38552828498649,
              -16.830437849034272
            ],
            [
              -49.38560209984811,
              -16.830420196738608
            ],
            [
              -49.38566362244036,
              -16.83034366774546
            ],
            [
              -49.38576819440641,
              -16.830320132026955
            ],
            [
              -49.38582354392051,
              -16.830384901897503
            ],
            [
              -49.38582352700673,
              -16.830496765175614
            ],
            [
              -49.38573122557694,
              -16.83072636614977
            ],
            [
              -49.38569429616526,
              -16.830873549321787
            ],
            [
              -49.385731185990274,
              -16.8309854170728
            ],
            [
              -49.38582344498754,
              -16.8310266427373
            ],
            [
              -49.3859464681108,
              -16.831014883981606
            ],
            [
              -49.38606950001153,
              -16.830950138569726
            ],
            [
              -49.38618636716464,
              -16.830961928815103
            ],
            [
              -49.386260171024844,
              -16.831020814294064
            ],
            [
              -49.38633396070208,
              -16.831168012537777
            ],
            [
              -49.386463120284425,
              -16.831250455003357
            ],
            [
              -49.386690703187455,
              -16.831285810310273
            ],
            [
              -49.38684448082028,
              -16.831274055812752
            ],
            [
              -49.38694291695326,
              -16.831138655778197
            ],
            [
              -49.387084412688786,
              -16.830985599023858
            ],
            [
              -49.38717054726236,
              -16.830844309735358
            ],
            [
              -49.38730588451894,
              -16.83073835250667
            ],
            [
              -49.387441229091706,
              -16.83057940764777
            ],
            [
              -49.38753966028033,
              -16.83046755775959
            ],
            [
              -49.387527372792775,
              -16.83036746932783
            ],
            [
              -49.38743511780681,
              -16.830302694817778
            ],
            [
              -49.3872474290739,
              -16.830278670268235
            ],
            [
              -49.38709365980685,
              -16.83023743671621
            ],
            [
              -49.386946058444124,
              -16.830084340127232
            ],
            [
              -49.38684767286166,
              -16.829878261917916
            ],
            [
              -49.38679234680804,
              -16.829660415363232
            ],
            [
              -49.386737024259496,
              -16.82941313178676
            ],
            [
              -49.386632495039926,
              -16.829165841299474
            ],
            [
              -49.38658331890522,
              -16.8289538843291
            ],
            [
              -49.38663256479509,
              -16.828688952760725
            ],
            [
              -49.386706401747034,
              -16.828512337440035
            ],
            [
              -49.38688480951564,
              -16.82830041176681
            ],
            [
              -49.38697709236375,
              -16.828165011136186
            ],
            [
              -49.38714317496101,
              -16.828112046071364
            ],
            [
              -49.38732154697521,
              -16.828141507094283
            ],
            [
              -49.38754913195082,
              -16.828123874500392
            ],
            [
              -49.387776725070005,
              -16.828059141521052
            ],
            [
              -49.38797971791974,
              -16.82797085447109
            ],
            [
              -49.38819500764279,
              -16.827912007663443
            ],
            [
              -49.388367236219395,
              -16.827894366362827
            ],
            [
              -49.3885148706652,
              -16.82780607281585
            ],
            [
              -49.388564094175536,
              -16.82769421580652
            ],
            [
              -49.38857641239358,
              -16.82757646656029
            ],
            [
              -49.388533367717415,
              -16.827488148479237
            ],
            [
              -49.38844726016398,
              -16.827452812783246
            ],
            [
              -49.388399867321326,
              -16.827351532663197
            ],
            [
              -49.38835932804742,
              -16.827228597421776
            ],
            [
              -49.388264699522416,
              -16.827209175326267
            ],
            [
              -49.38819034090301,
              -16.827254455965903
            ],
            [
              -49.3881430150405,
              -16.82733208950639
            ],
            [
              -49.388061898684036,
              -16.827357959552565
            ],
            [
              -49.38799431567047,
              -16.82728031097115
            ],
            [
              -49.38798757141541,
              -16.82717679051259
            ],
            [
              -49.38791999129963,
              -16.827079732000858
            ],
            [
              -49.38775778542342,
              -16.826950311522513
            ],
            [
              -49.38762936748074,
              -16.82688559591462
            ],
            [
              -49.387500943934484,
              -16.826859700052506
            ],
            [
              -49.38741308091787,
              -16.826801459311685
            ],
            [
              -49.387386057233506,
              -16.826704406298624
            ],
            [
              -49.387392843354654,
              -16.826503329694685
            ],
            [
              -49.38746722745859,
              -16.82628335923797
            ],
            [
              -49.38762271620845,
              -16.82610868912427
            ],
            [
              -49.38784578716144,
              -16.826011667478884
            ],
            [
              -49.3880958877182,
              -16.825966410217987
            ],
            [
              -49.38831894727327,
              -16.82594702859922
            ],
            [
              -49.388447380401,
              -16.825895285127057
            ],
            [
              -49.38860962493913,
              -16.825759196055234
            ],
            [
              -49.38888001963772,
              -16.82559747914241
            ],
            [
              -49.38914364522853,
              -16.825500462208705
            ],
            [
              -49.38949513553942,
              -16.825461686626685
            ],
            [
              -49.3897317155163,
              -16.825435836084456
            ],
            [
              -49.38989395135865,
              -16.82534527639038
            ],
            [
              -49.38992776249405,
              -16.825222350165998
            ],
            [
              -49.38984666236,
              -16.825118819039748
            ],
            [
              -49.38969796409171,
              -16.825067040932783
            ],
            [
              -49.38955603683181,
              -16.824911743337623
            ],
            [
              -49.38951550577913,
              -16.824711168538286
            ],
            [
              -49.38954256780135,
              -16.824517072373105
            ],
            [
              -49.389657499292625,
              -16.8243229888907
            ],
            [
              -49.38983326004339,
              -16.824167731082575
            ],
            [
              -49.389907631332385,
              -16.824012461264502
            ],
            [
              -49.38992117375491,
              -16.823824835081957
            ],
            [
              -49.389961760682084,
              -16.823572512788978
            ],
            [
              -49.39002937709463,
              -16.82338489275167
            ],
            [
              -49.39017135476619,
              -16.823119642464984
            ],
            [
              -49.39027277402953,
              -16.822880267261326
            ],
            [
              -49.39038095876339,
              -16.822589132963383
            ],
            [
              -49.39043508053459,
              -16.822332445124957
            ],
            [
              -49.390421592996546,
              -16.822067171502066
            ],
            [
              -49.3903810658534,
              -16.821814835420486
            ],
            [
              -49.39029321495404,
              -16.82165307418326
            ],
            [
              -49.39019860602615,
              -16.821484843009628
            ],
            [
              -49.39009512104335,
              -16.82125996610505
            ],
            [
              -49.38999459559164,
              -16.82113163531563
            ],
            [
              -49.38986892695349,
              -16.821067460664704
            ],
            [
              -49.38980191598677,
              -16.820931113828596
            ],
            [
              -49.389666125524414,
              -16.820776183562774
            ],
            [
              -49.38956559462981,
              -16.820663888207534
            ],
            [
              -49.389481833623584,
              -16.820431293739453
            ],
            [
              -49.38934779309973,
              -16.82027087275455
            ],
            [
              -49.3891215822989,
              -16.820182622151073
            ],
            [
              -49.389012671955626,
              -16.820086366122496
            ],
            [
              -49.38900431482569,
              -16.819909924764968
            ],
            [
              -49.38892893142427,
              -16.81971743386007
            ],
            [
              -49.3888116457624,
              -16.819613158888643
            ],
            [
              -49.38873624943413,
              -16.81952492889984
            ],
            [
              -49.388744641316315,
              -16.81942067036065
            ],
            [
              -49.3888284490294,
              -16.81923622202282
            ],
            [
              -49.38892064118714,
              -16.819003655599026
            ],
            [
              -49.388895539441236,
              -16.8187389940025
            ],
            [
              -49.38872800700488,
              -16.818458274637297
            ],
            [
              -49.38856884622434,
              -16.818241717297898
            ],
            [
              -49.38830914478627,
              -16.818041186170163
            ],
            [
              -49.388158352578564,
              -16.817904829031548
            ],
            [
              -49.3880913740846,
              -16.81765646025098
            ],
            [
              -49.388041133978625,
              -16.817423873398635
            ],
            [
              -49.38807466816483,
              -16.817263478093853
            ],
            [
              -49.38818360777914,
              -16.817095073811394
            ],
            [
              -49.38828417915368,
              -16.8168544881635
            ],
            [
              -49.388275830734834,
              -16.816621908085914
            ],
            [
              -49.388166941218934,
              -16.81640535611898
            ],
            [
              -49.38790724848875,
              -16.816164724338513
            ],
            [
              -49.387655931098436,
              -16.815956174129248
            ],
            [
              -49.387496759231354,
              -16.815859914583243
            ],
            [
              -49.387320818196635,
              -16.815851871676323
            ],
            [
              -49.3871364917897,
              -16.81590798672432
            ],
            [
              -49.38696893021128,
              -16.81589994419166
            ],
            [
              -49.38687677670704,
              -16.815851812709788
            ],
            [
              -49.38682652466647,
              -16.815739527665887
            ],
            [
              -49.38685168184707,
              -16.815579133730306
            ],
            [
              -49.38701088923755,
              -16.815418757800487
            ],
            [
              -49.387161734214494,
              -16.815235812903442
            ],
            [
              -49.387270680779366,
              -16.815011266730448
            ],
            [
              -49.38731260120789,
              -16.814786711608438
            ],
            [
              -49.38730424971499,
              -16.814594230122033
            ],
            [
              -49.38726240778231,
              -16.8142333253809
            ],
            [
              -49.38723732158071,
              -16.813880444734245
            ],
            [
              -49.38721222407276,
              -16.813615783983927
            ],
            [
              -49.38721226326363,
              -16.813335087765
            ],
            [
              -49.38722906424727,
              -16.813014294289573
            ],
            [
              -49.387262622124425,
              -16.8126854838331
            ],
            [
              -49.387254265511274,
              -16.812533105402125
            ],
            [
              -49.3872040165803,
              -16.81239676114992
            ],
            [
              -49.38709512924018,
              -16.812212290066654
            ],
            [
              -49.386919230217956,
              -16.811947612028916
            ],
            [
              -49.386860778159026,
              -16.81173168030028
            ],
            [
              -49.386902191763724,
              -16.811561883675747
            ],
            [
              -49.38699680979267,
              -16.811460015874637
            ],
            [
              -49.38712099864511,
              -16.811312870183393
            ],
            [
              -49.38719229447572,
              -16.81117700304962
            ],
            [
              -49.38722779309205,
              -16.81102418418942
            ],
            [
              -49.38731059006074,
              -16.810894012675398
            ],
            [
              -49.387499819345344,
              -16.810752534035927
            ],
            [
              -49.387771834646735,
              -16.810543145438476
            ],
            [
              -49.387996560063534,
              -16.810237529648077
            ],
            [
              -49.38812076550104,
              -16.809965862795234
            ],
            [
              -49.38812670895696,
              -16.80973946188436
            ],
            [
              -49.38803804233325,
              -16.80956964921394
            ],
            [
              -49.38786659193258,
              -16.80943944612759
            ],
            [
              -49.38769513268819,
              -16.809374707532214
            ],
            [
              -49.38752368178653,
              -16.80925016388087
            ],
            [
              -49.38734632691247,
              -16.809074678118744
            ],
            [
              -49.387287227984984,
              -16.808882227838293
            ],
            [
              -49.387293162031256,
              -16.808729406581115
            ],
            [
              -49.38738778391731,
              -16.808599237289993
            ],
            [
              -49.387559264618424,
              -16.808503038651576
            ],
            [
              -49.38779579179732,
              -16.808355907370657
            ],
            [
              -49.387943630861436,
              -16.808191784701805
            ],
            [
              -49.388020526025386,
              -16.807965392287006
            ],
            [
              -49.388097430909255,
              -16.807671080820654
            ],
            [
              -49.388251204977294,
              -16.807337157408917
            ],
            [
              -49.388399053469776,
              -16.807093794082363
            ],
            [
              -49.38852498049402,
              -16.806947858162236
            ],
            [
              -49.38869623306989,
              -16.80683176768906
            ],
            [
              -49.388888880935596,
              -16.80679081059869
            ],
            [
              -49.389044076334095,
              -16.8068317986774
            ],
            [
              -49.389172507368855,
              -16.80681815335418
            ],
            [
              -49.38925100450886,
              -16.80671570971051
            ],
            [
              -49.389236744833724,
              -16.806640575146456
            ],
            [
              -49.389108327042074,
              -16.806565427579528
            ],
            [
              -49.389022722006985,
              -16.806462964712967
            ],
            [
              -49.38904413782385,
              -16.806381004898345
            ],
            [
              -49.389172569405154,
              -16.806353699642113
            ],
            [
              -49.38932240141895,
              -16.80635371815557
            ],
            [
              -49.3894365674702,
              -16.80629908962614
            ],
            [
              -49.38949365926696,
              -16.806196644517232
            ],
            [
              -49.38956502896523,
              -16.806039559463628
            ],
            [
              -49.389703528195106,
              -16.805864260486004
            ],
            [
              -49.38991467608829,
              -16.805732243997873
            ],
            [
              -49.39017867658184,
              -16.805650313121323
            ],
            [
              -49.39035706749773,
              -16.80548641119902
            ],
            [
              -49.3904783857884,
              -16.805274691062053
            ],
            [
              -49.390506953968554,
              -16.80504930088282
            ],
            [
              -49.39043565586193,
              -16.804646315678575
            ],
            [
              -49.39040715131497,
              -16.80436627749287
            ],
            [
              -49.39034297734365,
              -16.804090081837575
            ],
            [
              -49.390243112610754,
              -16.80391248497012
            ],
            [
              -49.39012897390093,
              -16.803762207351177
            ],
            [
              -49.38997915114355,
              -16.803700717304356
            ],
            [
              -49.3897508382652,
              -16.803700690565304
            ],
            [
              -49.38958674766019,
              -16.803625538886852
            ],
            [
              -49.38953682454951,
              -16.80347526939155
            ],
            [
              -49.38955111354819,
              -16.803325007386952
            ],
            [
              -49.38962962414424,
              -16.803106451517813
            ],
            [
              -49.38966533362504,
              -16.80282642075746
            ],
            [
              -49.389636822111505,
              -16.80262151293901
            ],
            [
              -49.38951556071964,
              -16.802396104869928
            ],
            [
              -49.38943711775683,
              -16.802095569861475
            ],
            [
              -49.389380079049104,
              -16.8018018688037
            ],
            [
              -49.38935158538105,
              -16.80146035919394
            ],
            [
              -49.38935163174575,
              -16.80110519350197
            ],
            [
              -49.389383027051615,
              -16.800734792394984
            ],
            [
              -49.389433740934415,
              -16.80029645253403
            ],
            [
              -49.389463178110574,
              -16.800071246360396
            ],
            [
              -49.38959848673117,
              -16.799778490630718
            ],
            [
              -49.38973966280804,
              -16.79957018919286
            ],
            [
              -49.389939647833444,
              -16.799384416438635
            ],
            [
              -49.390121984654286,
              -16.799226792156595
            ],
            [
              -49.39024551136935,
              -16.799052270670057
            ],
            [
              -49.39026317987325,
              -16.79885521741152
            ],
            [
              -49.390186747667954,
              -16.7986806731381
            ],
            [
              -49.39009267048333,
              -16.798517387917663
            ],
            [
              -49.390092680905056,
              -16.7984329351982
            ],
            [
              -49.390186797091864,
              -16.798292192432875
            ],
            [
              -49.3902809131342,
              -16.798151449610668
            ],
            [
              -49.39032210641352,
              -16.797937624727858
            ],
            [
              -49.39035153835114,
              -16.79772931150183
            ],
            [
              -49.39037509954447,
              -16.797442175495306
            ],
            [
              -49.39047511278164,
              -16.797171938844635
            ],
            [
              -49.39060453221645,
              -16.796890446411155
            ],
            [
              -49.39098686172456,
              -16.796400666482295
            ],
            [
              -49.391421761224585,
              -16.795957759902674
            ],
            [
              -49.392073903250406,
              -16.795324908390057
            ],
            [
              -49.39272602949204,
              -16.79472674186433
            ],
            [
              -49.39329662064052,
              -16.794301970651468
            ],
            [
              -49.39376757623879,
              -16.794007238797917
            ],
            [
              -49.39413889315277,
              -16.7938772265297
            ],
            [
              -49.39442870646801,
              -16.79372986517335
            ],
            [
              -49.39456029174842,
              -16.793458119907143
            ],
            [
              -49.39476823630834,
              -16.793163703143343
            ],
            [
              -49.39504461017496,
              -16.792906279418943
            ],
            [
              -49.395343483632864,
              -16.79270689845865
            ],
            [
              -49.395766436283076,
              -16.79235579180386
            ],
            [
              -49.3960748270577,
              -16.792043846008845
            ],
            [
              -49.39634684739951,
              -16.791693690818963
            ],
            [
              -49.39659073170986,
              -16.79130761898686
            ],
            [
              -49.39669393190324,
              -16.790948471338798
            ],
            [
              -49.39677836918253,
              -16.790643194730627
            ],
            [
              -49.39678777602293,
              -16.790385422864862
            ],
            [
              -49.39677842833211,
              -16.790044215766653
            ],
            [
              -49.396815978077925,
              -16.789649140646183
            ],
            [
              -49.396919175159915,
              -16.789307946953205
            ],
            [
              -49.397088030618,
              -16.788876969928694
            ],
            [
              -49.39720999602167,
              -16.788401095342127
            ],
            [
              -49.39723815811365,
              -16.788104792895744
            ],
            [
              -49.39736948884657,
              -16.787772583491197
            ],
            [
              -49.39763211510373,
              -16.787494258268197
            ],
            [
              -49.39793224739597,
              -16.787305725594905
            ],
            [
              -49.398307408440466,
              -16.787135155661538
            ],
            [
              -49.39870133422299,
              -16.7868658170989
            ],
            [
              -49.398926442684065,
              -16.78662340309814
            ],
            [
              -49.3991234236012,
              -16.78628221590995
            ],
            [
              -49.39928289355905,
              -16.785905110252646
            ],
            [
              -49.39950801241937,
              -16.785554944583286
            ],
            [
              -49.39986624393275,
              -16.7851551357136
            ],
            [
              -49.40023203414606,
              -16.784787023494935
            ],
            [
              -49.40049466303303,
              -16.784382987728527
            ],
            [
              -49.40068225881549,
              -16.784023840977113
            ],
            [
              -49.400719796536464,
              -16.7836916221882
            ],
            [
              -49.40066355326527,
              -16.783278585619684
            ],
            [
              -49.400569793467376,
              -16.782928399488263
            ],
            [
              -49.40050416680951,
              -16.78260515361821
            ],
            [
              -49.40036350753772,
              -16.78237169097391
            ],
            [
              -49.400175951107094,
              -16.78220107896444
            ],
            [
              -49.400063427340086,
              -16.781976597696207
            ],
            [
              -49.399974218508106,
              -16.7817400617175
            ],
            [
              -49.39988810184692,
              -16.781472033951708
            ],
            [
              -49.399770598980126,
              -16.781123695481227
            ],
            [
              -49.399652178227484,
              -16.78089689819397
            ],
            [
              -49.39961988794798,
              -16.780757731126965
            ],
            [
              -49.39965757996255,
              -16.78065464862342
            ],
            [
              -49.39976525796133,
              -16.78054641672254
            ],
            [
              -49.39987293583313,
              -16.78044849391824
            ],
            [
              -49.39994293208062,
              -16.780309333537478
            ],
            [
              -49.39991064258335,
              -16.780165011923632
            ],
            [
              -49.39983280052404,
              -16.780052037445866
            ],
            [
              -49.39964439447066,
              -16.779835544196064
            ],
            [
              -49.39955289054159,
              -16.779644828461656
            ],
            [
              -49.399499074712956,
              -16.779407728761484
            ],
            [
              -49.399488321872376,
              -16.779232482496944
            ],
            [
              -49.39951525594701,
              -16.779010851370618
            ],
            [
              -49.39960679457375,
              -16.778753145818985
            ],
            [
              -49.39973062670019,
              -16.778589236291694
            ],
            [
              -49.399886760921866,
              -16.77839853863669
            ],
            [
              -49.400053659188245,
              -16.778249076168343
            ],
            [
              -49.40027977520908,
              -16.77808930973387
            ],
            [
              -49.40043590756706,
              -16.77790892073363
            ],
            [
              -49.400522052902545,
              -16.77776460703402
            ],
            [
              -49.40057590484537,
              -16.777522360263056
            ],
            [
              -49.40055976736945,
              -16.77733680635312
            ],
            [
              -49.4004844148611,
              -16.777130630668324
            ],
            [
              -49.400441364396144,
              -16.776903841652384
            ],
            [
              -49.400446761993265,
              -16.776713134092866
            ],
            [
              -49.400505997959144,
              -16.776455425589415
            ],
            [
              -49.40058138515162,
              -16.77619771774227
            ],
            [
              -49.40059216685754,
              -16.775991547533362
            ],
            [
              -49.400549112053085,
              -16.7758214535153
            ],
            [
              -49.400487007389245,
              -16.77552263611655
            ],
            [
              -49.4004572645192,
              -16.775232916992763
            ],
            [
              -49.400442401475274,
              -16.77497644498425
            ],
            [
              -49.40047714656419,
              -16.774686730422303
            ],
            [
              -49.40052181093617,
              -16.774416014988063
            ],
            [
              -49.40063096285119,
              -16.774145304032462
            ],
            [
              -49.40077483213822,
              -16.77394583654757
            ],
            [
              -49.40091374265225,
              -16.773732120088734
            ],
            [
              -49.40101792493818,
              -16.773570644999037
            ],
            [
              -49.40116180342368,
              -16.7732476894262
            ],
            [
              -49.40125111134645,
              -16.773005470646105
            ],
            [
              -49.40131223438003,
              -16.772774962592337
            ],
            [
              -49.401371778834736,
              -16.77250424748657
            ],
            [
              -49.401436283106115,
              -16.772238282609816
            ],
            [
              -49.401510708118266,
              -16.771967568102067
            ],
            [
              -49.40156528680788,
              -16.77177284455638
            ],
            [
              -49.401609943256084,
              -16.771601866824774
            ],
            [
              -49.40166596727783,
              -16.771417236798303
            ],
            [
              -49.40173210033793,
              -16.77126650266635
            ],
            [
              -49.40182657075297,
              -16.771127829206243
            ],
            [
              -49.401913847450686,
              -16.771027526182333
            ],
            [
              -49.40201327276934,
              -16.77088475218652
            ],
            [
              -49.402116836906146,
              -16.770785604656254
            ],
            [
              -49.40220211315424,
              -16.770751239260115
            ],
            [
              -49.40225900466406,
              -16.77073932707823
            ],
            [
              -49.40229278661209,
              -16.770688262685436
            ],
            [
              -49.40231945931057,
              -16.770615068064913
            ],
            [
              -49.402349560745044,
              -16.77052174162745
            ],
            [
              -49.40238880470939,
              -16.7704669774207
            ],
            [
              -49.40246602295478,
              -16.77045576497261
            ],
            [
              -49.40253001967054,
              -16.77038604694786
            ],
            [
              -49.41222534249314,
              -16.740799134253788
            ],
            [
              -49.41240029873287,
              -16.7403992867816
            ],
            [
              -49.413092074585656,
              -16.73928132704366
            ],
            [
              -49.413895029421596,
              -16.738019246376755
            ],
            [
              -49.414977989615416,
              -16.73633715948535
            ],
            [
              -49.415499153986666,
              -16.735550551829803
            ],
            [
              -49.41577888501149,
              -16.735235670405785
            ],
            [
              -49.416038985612275,
              -16.734991283733045
            ],
            [
              -49.416340482791455,
              -16.734756518596576
            ],
            [
              -49.416656424369215,
              -16.734597680478707
            ],
            [
              -49.41691707261642,
              -16.734484225831583
            ],
            [
              -49.41730409138571,
              -16.73437833563894
            ],
            [
              -49.41786486701485,
              -16.734234628485343
            ],
            [
              -49.419144363331235,
              -16.734015290026637
            ],
            [
              -49.420418614059,
              -16.733734005031
            ],
            [
              -49.42141377456803,
              -16.733510565187995
            ],
            [
              -49.421698102549236,
              -16.73339711078673
            ],
            [
              -49.42191924503847,
              -16.73326852873828
            ],
            [
              -49.42220357090731,
              -16.733026491961905
            ],
            [
              -49.42371224057376,
              -16.731514683761453
            ],
            [
              -49.42437564708574,
              -16.730591916050606
            ],
            [
              -49.42453359725657,
              -16.73022129906668
            ],
            [
              -49.425260644361906,
              -16.728326055060418
            ],
            [
              -49.425827142037576,
              -16.72684891213516
            ],
            [
              -49.42605979379164,
              -16.726286843433364
            ],
            [
              -49.427249775820925,
              -16.72415002925081
            ],
            [
              -49.42900396063497,
              -16.720916312347974
            ],
            [
              -49.42940955544085,
              -16.720150417342328
            ],
            [
              -49.42975338477083,
              -16.719489523834714
            ],
            [
              -49.429873163276866,
              -16.71930736184489
            ],
            [
              -49.43019115983516,
              -16.719148654727743
            ],
            [
              -49.430486318919364,
              -16.719023771506556
            ],
            [
              -49.43058037919632,
              -16.718994946887012
            ],
            [
              -49.430751811522455,
              -16.71905107879062
            ],
            [
              -49.43098664130135,
              -16.71913540016584
            ],
            [
              -49.43301667523027,
              -16.7197365861741
            ],
            [
              -49.435592929630225,
              -16.72052472917103
            ],
            [
              -49.43573811980757,
              -16.72055615019325
            ],
            [
              -49.43588582346507,
              -16.720566618963375
            ],
            [
              -49.43604993866008,
              -16.720566606978544
            ],
            [
              -49.43620858058022,
              -16.72054040045636
            ],
            [
              -49.43655607730533,
              -16.720433663102106
            ],
            [
              -49.44006988342813,
              -16.719039562910094
            ],
            [
              -49.44397906556218,
              -16.717500666660417
            ],
            [
              -49.44416642114496,
              -16.717465666386673
            ],
            [
              -49.44431877733133,
              -16.717467725257826
            ],
            [
              -49.444417602489686,
              -16.717515078442403
            ],
            [
              -49.44450819239536,
              -16.717586109788964
            ],
            [
              -49.4446070170991,
              -16.717717876591482
            ],
            [
              -49.444614223502725,
              -16.717632433593167
            ],
            [
              -49.446907284728695,
              -16.71644543331572
            ],
            [
              -49.445469030193976,
              -16.7105092129343
            ],
            [
              -49.44513721159036,
              -16.70438349299539
            ],
            [
              -49.44330050667528,
              -16.70001726756104
            ],
            [
              -49.43994663747155,
              -16.695563637689535
            ],
            [
              -49.441501516152194,
              -16.69134312285492
            ],
            [
              -49.442860950204455,
              -16.68851699309607
            ],
            [
              -49.44276175894104,
              -16.687196050724417
            ],
            [
              -49.44250406578287,
              -16.683764310567764
            ],
            [
              -49.442555816785564,
              -16.679158430954775
            ],
            [
              -49.44257122489085,
              -16.67778715957266
            ],
            [
              -49.44258589901222,
              -16.67648117499091
            ],
            [
              -49.44565463619485,
              -16.673126023016895
            ],
            [
              -49.44458409076761,
              -16.673038410144233
            ],
            [
              -49.44429857569691,
              -16.672901663814176
            ],
            [
              -49.44313267595012,
              -16.67262976812981
            ],
            [
              -49.44246118697618,
              -16.672496589409857
            ],
            [
              -49.44144699697592,
              -16.67220802958677
            ],
            [
              -49.440836778137445,
              -16.671971467785376
            ],
            [
              -49.44024966851759,
              -16.67167722962372
            ],
            [
              -49.439731937215484,
              -16.67133961518463
            ],
            [
              -49.43878284202802,
              -16.67056023506743
            ],
            [
              -49.43588830103496,
              -16.66813836946998
            ],
            [
              -49.42911626910436,
              -16.66227394691741
            ],
            [
              -49.425657880634134,
              -16.65919159963891
            ],
            [
              -49.42231897690166,
              -16.656364495986427
            ],
            [
              -49.416123425118414,
              -16.65123424268235
            ],
            [
              -49.414944383770795,
              -16.650158953828612
            ],
            [
              -49.414852834448006,
              -16.650064299666155
            ],
            [
              -49.414816196937025,
              -16.649983653161154
            ],
            [
              -49.41479782678057,
              -16.64981532434644
            ],
            [
              -49.414779758977005,
              -16.649731160721206
            ],
            [
              -49.410877821426695,
              -16.650482655616553
            ],
            [
              -49.409389308006205,
              -16.647866509858062
            ],
            [
              -49.40710436934293,
              -16.646360909548132
            ],
            [
              -49.40711914892005,
              -16.646277166756562
            ],
            [
              -49.405516266690796,
              -16.64603775915683
            ],
            [
              -49.40529137166746,
              -16.647557981924404
            ],
            [
              -49.40158643037326,
              -16.64735624232669
            ],
            [
              -49.401567983996,
              -16.645972750629678
            ],
            [
              -49.40157750115301,
              -16.645618723893072
            ],
            [
              -49.40159048139452,
              -16.64488771608792
            ],
            [
              -49.40152002261808,
              -16.643718581687807
            ],
            [
              -49.40148866370775,
              -16.64305081577277
            ],
            [
              -49.39880284486099,
              -16.644142852083615
            ],
            [
              -49.398592554794654,
              -16.644203726147683
            ],
            [
              -49.3984080885073,
              -16.64424246378837
            ],
            [
              -49.39820517686654,
              -16.64427013323409
            ],
            [
              -49.39794415781734,
              -16.644288579815775
            ],
            [
              -49.397625032428536,
              -16.644276589232938
            ],
            [
              -49.39737508219892,
              -16.6442286280924
            ],
            [
              -49.39704857755938,
              -16.64413086206424
            ],
            [
              -49.396570811492474,
              -16.643957464341586
            ],
            [
              -49.39406392527703,
              -16.642970573181792
            ],
            [
              -49.392199901061396,
              -16.642246546065433
            ],
            [
              -49.392123340493725,
              -16.642230093930312
            ],
            [
              -49.39203572671214,
              -16.642227177370454
            ],
            [
              -49.3918143680934,
              -16.642231789227974
            ],
            [
              -49.391683397004954,
              -16.642205041480363
            ],
            [
              -49.39047863582417,
              -16.642417913068638
            ],
            [
              -49.39027592450627,
              -16.64242086597872
            ],
            [
              -49.38970592662534,
              -16.642548147529826
            ],
            [
              -49.38886845332377,
              -16.642716010704792
            ],
            [
              -49.38888690706733,
              -16.643533326972893
            ],
            [
              -49.3889001128743,
              -16.643717444287677
            ],
            [
              -49.38891103042835,
              -16.643909533312318
            ],
            [
              -49.38899573410249,
              -16.645521731479302
            ],
            [
              -49.38908243305043,
              -16.646696778214775
            ],
            [
              -49.38911563726473,
              -16.647252019033072
            ],
            [
              -49.38911932610636,
              -16.64744201858431
            ],
            [
              -49.38905291835172,
              -16.647503814609223
            ],
            [
              -49.38900403508962,
              -16.647510270399223
            ],
            [
              -49.387887124871426,
              -16.646592644172316
            ],
            [
              -49.38774659470768,
              -16.64646726540296
            ],
            [
              -49.387609456176904,
              -16.646322288498517
            ],
            [
              -49.38744679231809,
              -16.646116211056107
            ],
            [
              -49.387325966540175,
              -16.64593398893527
            ],
            [
              -49.387219164228384,
              -16.64574229402631
            ],
            [
              -49.38714703999674,
              -16.645587205875376
            ],
            [
              -49.387105884269765,
              -16.645482072005912
            ],
            [
              -49.38704685510532,
              -16.645325276475834
            ],
            [
              -49.3870560786615,
              -16.645033820438048
            ],
            [
              -49.387445301545604,
              -16.642689262989904
            ],
            [
              -49.38823458514075,
              -16.638151613579996
            ],
            [
              -49.388381464302135,
              -16.637157142103298
            ],
            [
              -49.38835471672659,
              -16.637076899449756
            ],
            [
              -49.38823942600318,
              -16.636989278240762
            ],
            [
              -49.38501592543461,
              -16.634685964360497
            ],
            [
              -49.3821114775707,
              -16.632601022886337
            ],
            [
              -49.38091543946297,
              -16.63163078072469
            ],
            [
              -49.380731704194325,
              -16.63142870183897
            ],
            [
              -49.380610600492545,
              -16.631268041947077
            ],
            [
              -49.38038396018444,
              -16.63093419640053
            ],
            [
              -49.38024739002273,
              -16.63063106477372
            ],
            [
              -49.38018293834396,
              -16.630475699489974
            ],
            [
              -49.380147174798246,
              -16.630348358955594
            ],
            [
              -49.38014068356227,
              -16.63026441758332
            ],
            [
              -49.3801418723242,
              -16.629731335973148
            ],
            [
              -49.3801293978638,
              -16.629523034529115
            ],
            [
              -49.380155222844145,
              -16.629229735053872
            ],
            [
              -49.38021085617558,
              -16.628857978995548
            ],
            [
              -49.38031570795453,
              -16.628451290014706
            ],
            [
              -49.3813708505629,
              -16.62379168989334
            ],
            [
              -49.38142988010966,
              -16.6236146031349
            ],
            [
              -49.381470462497326,
              -16.623500234663826
            ]
          ]
        ]
      }
    }
  ]
}
